run_label,controller,result,completion_time_s,path_length_ref_m,path_length_robot_m,samples,cte_rms_all,cte_max_all,cte_rms_swath,cte_max_swath,cte_rms_turn,cte_max_turn,cmd_ang_acc_rms,cmd_ang_acc_max,cmd_ang_jerk_rms,cmd_ang_jerk_max,cmd_ang_jerk_events,odom_ang_acc_rms,odom_ang_acc_max,odom_ang_jerk_rms,odom_ang_jerk_max,odom_ang_jerk_events,coverage_pct
rpp_run1,rpp,succeeded,18.8400,17.3545,14.7667,314,0.1654,0.3716,0.1262,0.2449,0.2119,0.3716,0.4461,1.1961,6.7479,42.5770,23,0.6675,3.3849,15.1139,113.8057,69,91.1786
mppi_run1,mppi,aborted,8.1990,17.3545,2.6066,137,1.4921,2.6202,1.4921,2.6202,nan,nan,0.0530,0.3893,0.3756,3.7769,0,0.0861,0.5383,2.5084,15.0747,3,1.7643
dwb_run1,dwb,aborted,14.2410,17.3545,6.2173,237,0.0037,0.0253,0.0037,0.0253,nan,nan,0.7339,1.2094,18.7252,44.8508,194,0.7669,1.4791,20.2843,46.2314,183,27.7393
rpp_run2,rpp,succeeded,18.7070,17.3545,14.7304,312,0.1678,0.3722,0.1289,0.2367,0.2142,0.3722,0.4513,1.2593,6.9307,39.4000,25,0.6914,3.5670,16.3788,139.7494,80,90.9893
mppi_run2,mppi,aborted,8.1680,17.3545,2.6052,137,1.4881,2.6187,1.4881,2.6187,nan,nan,0.0544,0.4213,0.5581,4.5696,0,0.0775,0.5646,2.0895,9.6704,0,1.7643
dwb_run2,dwb,aborted,14.2800,17.3545,6.2278,238,0.0029,0.0242,0.0029,0.0242,nan,nan,0.6908,1.3252,18.9379,43.7095,184,0.7242,1.4489,20.3334,43.8864,170,27.9750
rpp_run3,rpp,succeeded,18.7070,17.3545,14.7394,312,0.1659,0.3729,0.1300,0.2412,0.2094,0.3729,0.4394,1.2741,6.5082,42.3488,27,0.8991,7.2794,25.3168,290.1030,66,91.0143
mppi_run3,mppi,aborted,8.1210,17.3545,2.5787,136,1.4786,2.5917,1.4786,2.5917,nan,nan,0.0610,0.6009,0.5512,6.2406,0,0.0721,0.6325,1.6331,9.2393,0,1.7679
dwb_run3,dwb,aborted,14.2450,17.3545,6.3482,238,0.0033,0.0253,0.0033,0.0253,nan,nan,0.7478,1.2353,19.4828,43.9367,174,0.7808,1.5207,21.3058,47.8297,182,28.1893
