x,y,segment,zone
0.0000,0.0000,swath,swath
0.0500,0.0000,swath,swath
0.1000,0.0000,swath,swath
0.1500,0.0000,swath,swath
0.2000,0.0000,swath,swath
0.2500,0.0000,swath,swath
0.3000,0.0000,swath,swath
0.3500,0.0000,swath,swath
0.4000,0.0000,swath,swath
0.4500,0.0000,swath,swath
0.5000,0.0000,swath,swath
0.5500,0.0000,swath,swath
0.6000,0.0000,swath,swath
0.6500,0.0000,swath,swath
0.7000,0.0000,swath,swath
0.7500,0.0000,swath,swath
0.8000,0.0000,swath,swath
0.8500,0.0000,swath,swath
0.9000,0.0000,swath,swath
0.9500,0.0000,swath,swath
1.0000,0.0000,swath,swath
1.0500,0.0000,swath,swath
1.1000,0.0000,swath,swath
1.1500,0.0000,swath,swath
1.2000,0.0000,swath,swath
1.2500,0.0000,swath,swath
1.3000,0.0000,swath,swath
1.3500,0.0000,swath,swath
1.4000,0.0000,swath,swath
1.4500,0.0000,swath,swath
1.5000,0.0000,swath,swath
1.5500,0.0000,swath,swath
1.6000,0.0000,swath,swath
1.6500,0.0000,swath,swath
1.7000,0.0000,swath,swath
1.7500,0.0000,swath,swath
1.8000,0.0000,swath,swath
1.8500,0.0000,swath,swath
1.9000,0.0000,swath,swath
1.9500,0.0000,swath,swath
2.0000,0.0000,swath,swath
2.0500,0.0000,swath,swath
2.1000,0.0000,swath,swath
2.1500,0.0000,swath,swath
2.2000,0.0000,swath,swath
2.2500,0.0000,swath,swath
2.3000,0.0000,swath,swath
2.3500,0.0000,swath,swath
2.4000,0.0000,swath,swath
2.4500,0.0000,swath,swath
2.5000,0.0000,swath,swath
2.5500,0.0000,swath,swath
2.6000,0.0000,swath,swath
2.6500,0.0000,swath,swath
2.7000,0.0000,swath,swath
2.7500,0.0000,swath,swath
2.8000,0.0000,swath,swath
2.8500,0.0000,swath,swath
2.9000,0.0000,swath,swath
2.9500,0.0000,swath,swath
3.0000,0.0000,swath,swath
3.0500,0.0000,swath,swath
3.1000,0.0000,swath,swath
3.1500,0.0000,swath,swath
3.2000,0.0000,swath,swath
3.2500,0.0000,swath,swath
3.3000,0.0000,swath,swath
3.3500,0.0000,swath,swath
3.4000,0.0000,swath,swath
3.4500,0.0000,swath,swath
3.5000,0.0000,swath,swath
3.5500,0.0000,swath,swath
3.6000,0.0000,swath,swath
3.6500,0.0000,swath,swath
3.7000,0.0000,swath,swath
3.7500,0.0000,swath,swath
3.8000,0.0000,swath,swath
3.8500,0.0000,swath,swath
3.9000,0.0000,swath,swath
3.9500,0.0000,swath,swath
4.0000,0.0000,swath,turn
4.0500,0.0000,swath,turn
4.1000,0.0000,swath,turn
4.1500,0.0000,swath,turn
4.2000,0.0000,swath,turn
4.2500,0.0000,swath,turn
4.3000,0.0000,swath,turn
4.3500,0.0000,swath,turn
4.4000,0.0000,swath,turn
4.4500,0.0000,swath,turn
4.5000,0.0000,swath,turn
4.5500,0.0000,swath,turn
4.6000,0.0000,swath,turn
4.6500,0.0000,swath,turn
4.7000,0.0000,swath,turn
4.7500,0.0000,swath,turn
4.8000,0.0000,swath,turn
4.8500,0.0000,swath,turn
4.9000,0.0000,swath,turn
4.9500,0.0000,swath,turn
5.0000,0.0000,turn,turn
5.0489,0.0032,turn,turn
5.0971,0.0128,turn,turn
5.1435,0.0285,turn,turn
5.1875,0.0502,turn,turn
5.2283,0.0775,turn,turn
5.2652,0.1098,turn,turn
5.2975,0.1467,turn,turn
5.3248,0.1875,turn,turn
5.3465,0.2315,turn,turn
5.3622,0.2779,turn,turn
5.3718,0.3261,turn,turn
5.3750,0.3750,turn,turn
5.3718,0.4239,turn,turn
5.3622,0.4721,turn,turn
5.3465,0.5185,turn,turn
5.3248,0.5625,turn,turn
5.2975,0.6033,turn,turn
5.2652,0.6402,turn,turn
5.2283,0.6725,turn,turn
5.1875,0.6998,turn,turn
5.1435,0.7215,turn,turn
5.0971,0.7372,turn,turn
5.0489,0.7468,turn,turn
5.0000,0.7500,swath,turn
4.9500,0.7500,swath,turn
4.9000,0.7500,swath,turn
4.8500,0.7500,swath,turn
4.8000,0.7500,swath,turn
4.7500,0.7500,swath,turn
4.7000,0.7500,swath,turn
4.6500,0.7500,swath,turn
4.6000,0.7500,swath,turn
4.5500,0.7500,swath,turn
4.5000,0.7500,swath,turn
4.4500,0.7500,swath,turn
4.4000,0.7500,swath,turn
4.3500,0.7500,swath,turn
4.3000,0.7500,swath,turn
4.2500,0.7500,swath,turn
4.2000,0.7500,swath,turn
4.1500,0.7500,swath,turn
4.1000,0.7500,swath,turn
4.0500,0.7500,swath,turn
4.0000,0.7500,swath,swath
3.9500,0.7500,swath,swath
3.9000,0.7500,swath,swath
3.8500,0.7500,swath,swath
3.8000,0.7500,swath,swath
3.7500,0.7500,swath,swath
3.7000,0.7500,swath,swath
3.6500,0.7500,swath,swath
3.6000,0.7500,swath,swath
3.5500,0.7500,swath,swath
3.5000,0.7500,swath,swath
3.4500,0.7500,swath,swath
3.4000,0.7500,swath,swath
3.3500,0.7500,swath,swath
3.3000,0.7500,swath,swath
3.2500,0.7500,swath,swath
3.2000,0.7500,swath,swath
3.1500,0.7500,swath,swath
3.1000,0.7500,swath,swath
3.0500,0.7500,swath,swath
3.0000,0.7500,swath,swath
2.9500,0.7500,swath,swath
2.9000,0.7500,swath,swath
2.8500,0.7500,swath,swath
2.8000,0.7500,swath,swath
2.7500,0.7500,swath,swath
2.7000,0.7500,swath,swath
2.6500,0.7500,swath,swath
2.6000,0.7500,swath,swath
2.5500,0.7500,swath,swath
2.5000,0.7500,swath,swath
2.4500,0.7500,swath,swath
2.4000,0.7500,swath,swath
2.3500,0.7500,swath,swath
2.3000,0.7500,swath,swath
2.2500,0.7500,swath,swath
2.2000,0.7500,swath,swath
2.1500,0.7500,swath,swath
2.1000,0.7500,swath,swath
2.0500,0.7500,swath,swath
2.0000,0.7500,swath,swath
1.9500,0.7500,swath,swath
1.9000,0.7500,swath,swath
1.8500,0.7500,swath,swath
1.8000,0.7500,swath,swath
1.7500,0.7500,swath,swath
1.7000,0.7500,swath,swath
1.6500,0.7500,swath,swath
1.6000,0.7500,swath,swath
1.5500,0.7500,swath,swath
1.5000,0.7500,swath,swath
1.4500,0.7500,swath,swath
1.4000,0.7500,swath,swath
1.3500,0.7500,swath,swath
1.3000,0.7500,swath,swath
1.2500,0.7500,swath,swath
1.2000,0.7500,swath,swath
1.1500,0.7500,swath,swath
1.1000,0.7500,swath,swath
1.0500,0.7500,swath,swath
1.0000,0.7500,swath,turn
0.9500,0.7500,swath,turn
0.9000,0.7500,swath,turn
0.8500,0.7500,swath,turn
0.8000,0.7500,swath,turn
0.7500,0.7500,swath,turn
0.7000,0.7500,swath,turn
0.6500,0.7500,swath,turn
0.6000,0.7500,swath,turn
0.5500,0.7500,swath,turn
0.5000,0.7500,swath,turn
0.4500,0.7500,swath,turn
0.4000,0.7500,swath,turn
0.3500,0.7500,swath,turn
0.3000,0.7500,swath,turn
0.2500,0.7500,swath,turn
0.2000,0.7500,swath,turn
0.1500,0.7500,swath,turn
0.1000,0.7500,swath,turn
0.0500,0.7500,swath,turn
0.0000,0.7500,turn,turn
-0.0489,0.7532,turn,turn
-0.0971,0.7628,turn,turn
-0.1435,0.7785,turn,turn
-0.1875,0.8002,turn,turn
-0.2283,0.8275,turn,turn
-0.2652,0.8598,turn,turn
-0.2975,0.8967,turn,turn
-0.3248,0.9375,turn,turn
-0.3465,0.9815,turn,turn
-0.3622,1.0279,turn,turn
-0.3718,1.0761,turn,turn
-0.3750,1.1250,turn,turn
-0.3718,1.1739,turn,turn
-0.3622,1.2221,turn,turn
-0.3465,1.2685,turn,turn
-0.3248,1.3125,turn,turn
-0.2975,1.3533,turn,turn
-0.2652,1.3902,turn,turn
-0.2283,1.4225,turn,turn
-0.1875,1.4498,turn,turn
-0.1435,1.4715,turn,turn
-0.0971,1.4872,turn,turn
-0.0489,1.4968,turn,turn
0.0000,1.5000,swath,turn
0.0500,1.5000,swath,turn
0.1000,1.5000,swath,turn
0.1500,1.5000,swath,turn
0.2000,1.5000,swath,turn
0.2500,1.5000,swath,turn
0.3000,1.5000,swath,turn
0.3500,1.5000,swath,turn
0.4000,1.5000,swath,turn
0.4500,1.5000,swath,turn
0.5000,1.5000,swath,turn
0.5500,1.5000,swath,turn
0.6000,1.5000,swath,turn
0.6500,1.5000,swath,turn
0.7000,1.5000,swath,turn
0.7500,1.5000,swath,turn
0.8000,1.5000,swath,turn
0.8500,1.5000,swath,turn
0.9000,1.5000,swath,turn
0.9500,1.5000,swath,turn
1.0000,1.5000,swath,swath
1.0500,1.5000,swath,swath
1.1000,1.5000,swath,swath
1.1500,1.5000,swath,swath
1.2000,1.5000,swath,swath
1.2500,1.5000,swath,swath
1.3000,1.5000,swath,swath
1.3500,1.5000,swath,swath
1.4000,1.5000,swath,swath
1.4500,1.5000,swath,swath
1.5000,1.5000,swath,swath
1.5500,1.5000,swath,swath
1.6000,1.5000,swath,swath
1.6500,1.5000,swath,swath
1.7000,1.5000,swath,swath
1.7500,1.5000,swath,swath
1.8000,1.5000,swath,swath
1.8500,1.5000,swath,swath
1.9000,1.5000,swath,swath
1.9500,1.5000,swath,swath
2.0000,1.5000,swath,swath
2.0500,1.5000,swath,swath
2.1000,1.5000,swath,swath
2.1500,1.5000,swath,swath
2.2000,1.5000,swath,swath
2.2500,1.5000,swath,swath
2.3000,1.5000,swath,swath
2.3500,1.5000,swath,swath
2.4000,1.5000,swath,swath
2.4500,1.5000,swath,swath
2.5000,1.5000,swath,swath
2.5500,1.5000,swath,swath
2.6000,1.5000,swath,swath
2.6500,1.5000,swath,swath
2.7000,1.5000,swath,swath
2.7500,1.5000,swath,swath
2.8000,1.5000,swath,swath
2.8500,1.5000,swath,swath
2.9000,1.5000,swath,swath
2.9500,1.5000,swath,swath
3.0000,1.5000,swath,swath
3.0500,1.5000,swath,swath
3.1000,1.5000,swath,swath
3.1500,1.5000,swath,swath
3.2000,1.5000,swath,swath
3.2500,1.5000,swath,swath
3.3000,1.5000,swath,swath
3.3500,1.5000,swath,swath
3.4000,1.5000,swath,swath
3.4500,1.5000,swath,swath
3.5000,1.5000,swath,swath
3.5500,1.5000,swath,swath
3.6000,1.5000,swath,swath
3.6500,1.5000,swath,swath
3.7000,1.5000,swath,swath
3.7500,1.5000,swath,swath
3.8000,1.5000,swath,swath
3.8500,1.5000,swath,swath
3.9000,1.5000,swath,swath
3.9500,1.5000,swath,swath
4.0000,1.5000,swath,swath
4.0500,1.5000,swath,swath
4.1000,1.5000,swath,swath
4.1500,1.5000,swath,swath
4.2000,1.5000,swath,swath
4.2500,1.5000,swath,swath
4.3000,1.5000,swath,swath
4.3500,1.5000,swath,swath
4.4000,1.5000,swath,swath
4.4500,1.5000,swath,swath
4.5000,1.5000,swath,swath
4.5500,1.5000,swath,swath
4.6000,1.5000,swath,swath
4.6500,1.5000,swath,swath
4.7000,1.5000,swath,swath
4.7500,1.5000,swath,swath
4.8000,1.5000,swath,swath
4.8500,1.5000,swath,swath
4.9000,1.5000,swath,swath
4.9500,1.5000,swath,swath
5.0000,1.5000,swath,swath
