t,source,v,w,controller
0.000,nav,1.0000,-0.0083,RPP
0.010,cmd,0.0500,-0.0083,
0.040,nav,1.0000,-0.0083,RPP
0.060,cmd,0.1000,-0.0083,
0.070,nav,1.0000,-0.0067,RPP
0.100,nav,1.0000,-0.0058,RPP
0.110,cmd,0.1500,-0.0058,
0.140,nav,1.0000,-0.0036,RPP
0.160,cmd,0.2000,-0.0036,
0.170,nav,1.0000,-0.0023,RPP
0.200,nav,1.0000,-0.0019,RPP
0.210,cmd,0.2500,-0.0019,
0.230,nav,1.0000,-0.0011,RPP
0.260,cmd,0.3000,-0.0011,
0.270,nav,1.0000,-0.0006,RPP
0.300,nav,1.0000,-0.0005,RPP
0.310,cmd,0.3500,-0.0005,
0.330,nav,1.0000,-0.0004,RPP
0.360,cmd,0.4000,-0.0004,
0.370,nav,1.0000,-0.0002,RPP
0.400,nav,1.0000,-0.0002,RPP
0.410,cmd,0.4500,-0.0002,
0.430,nav,1.0000,-0.0002,RPP
0.460,cmd,0.5000,-0.0002,
0.470,nav,1.0000,-0.0001,RPP
0.500,nav,1.0000,-0.0000,RPP
0.510,cmd,0.5500,-0.0000,
0.530,nav,1.0000,-0.0001,RPP
0.560,cmd,0.6000,-0.0001,
0.570,nav,1.0000,-0.0000,RPP
0.600,nav,1.0000,0.0000,RPP
0.610,cmd,0.6500,0.0000,
0.630,nav,1.0000,0.0000,RPP
0.660,cmd,0.7000,0.0000,
0.670,nav,1.0000,0.0001,RPP
0.700,nav,1.0000,0.0001,RPP
0.710,cmd,0.7500,0.0001,
0.730,nav,1.0000,0.0001,RPP
0.760,cmd,0.8000,0.0001,
0.770,nav,1.0000,0.0001,RPP
0.800,nav,1.0000,0.0001,RPP
0.820,cmd,0.8500,0.0001,
0.830,nav,1.0000,0.0001,RPP
0.860,cmd,0.9000,0.0001,
0.870,nav,1.0000,0.0002,RPP
0.900,nav,1.0000,0.0002,RPP
0.910,cmd,0.9500,0.0002,
0.930,nav,1.0000,0.0002,RPP
0.960,cmd,1.0000,0.0002,
0.970,nav,1.0000,0.0002,RPP
1.000,nav,1.0000,0.0002,RPP
1.010,cmd,1.0000,0.0002,
1.030,nav,1.0000,0.0002,RPP
1.060,cmd,1.0000,0.0002,
1.070,nav,1.0000,0.0002,RPP
1.100,nav,1.0000,0.0002,RPP
1.110,cmd,1.0000,0.0002,
1.130,nav,1.0000,0.0002,RPP
1.160,cmd,1.0000,0.0002,
1.170,nav,1.0000,0.0001,RPP
1.200,nav,1.0000,0.0001,RPP
1.210,cmd,1.0000,0.0001,
1.230,nav,1.0000,0.0001,RPP
1.260,cmd,1.0000,0.0001,
1.270,nav,1.0000,0.0001,RPP
1.300,nav,1.0000,0.0001,RPP
1.310,cmd,1.0000,0.0001,
1.330,nav,1.0000,0.0001,RPP
1.360,cmd,1.0000,0.0001,
1.370,nav,1.0000,0.0000,RPP
1.400,nav,1.0000,0.0000,RPP
1.410,cmd,1.0000,0.0000,
1.430,nav,1.0000,0.0000,RPP
1.460,cmd,1.0000,0.0000,
1.470,nav,1.0000,0.0000,RPP
1.500,nav,1.0000,-0.0000,RPP
1.510,cmd,1.0000,-0.0000,
1.530,nav,1.0000,-0.0000,RPP
1.560,cmd,1.0000,-0.0000,
1.570,nav,1.0000,-0.0000,RPP
1.600,nav,1.0000,-0.0000,RPP
1.610,cmd,1.0000,-0.0000,
1.630,nav,1.0000,-0.0000,RPP
1.660,cmd,1.0000,-0.0000,
1.670,nav,1.0000,-0.0000,RPP
1.700,nav,1.0000,-0.0001,RPP
1.710,cmd,1.0000,-0.0001,
1.730,nav,1.0000,-0.0001,RPP
1.760,cmd,1.0000,-0.0001,
1.770,nav,1.0000,-0.0001,RPP
1.800,nav,1.0000,-0.0001,RPP
1.820,cmd,1.0000,-0.0001,
1.830,nav,1.0000,-0.0001,RPP
1.860,cmd,1.0000,-0.0001,
1.870,nav,1.0000,-0.0001,RPP
1.900,nav,1.0000,-0.0001,RPP
1.910,cmd,1.0000,-0.0001,
1.930,nav,1.0000,-0.0001,RPP
1.960,cmd,1.0000,-0.0001,
1.970,nav,1.0000,-0.0001,RPP
2.000,nav,1.0000,-0.0001,RPP
2.010,cmd,1.0000,-0.0001,
2.030,nav,1.0000,-0.0001,RPP
2.060,cmd,1.0000,-0.0001,
2.070,nav,1.0000,-0.0001,RPP
2.100,nav,1.0000,-0.0001,RPP
2.110,cmd,1.0000,-0.0001,
2.130,nav,1.0000,-0.0001,RPP
2.160,cmd,1.0000,-0.0001,
2.170,nav,1.0000,-0.0001,RPP
2.200,nav,1.0000,-0.0001,RPP
2.210,cmd,1.0000,-0.0001,
2.230,nav,1.0000,-0.0001,RPP
2.260,cmd,1.0000,-0.0001,
2.270,nav,1.0000,-0.0001,RPP
2.300,nav,1.0000,-0.0001,RPP
2.310,cmd,1.0000,-0.0001,
2.330,nav,1.0000,-0.0001,RPP
2.360,cmd,1.0000,-0.0001,
2.370,nav,1.0000,-0.0001,RPP
2.400,nav,1.0000,-0.0001,RPP
2.410,cmd,1.0000,-0.0001,
2.430,nav,1.0000,-0.0001,RPP
2.460,cmd,1.0000,-0.0001,
2.470,nav,1.0000,-0.0001,RPP
2.500,nav,1.0000,-0.0001,RPP
2.510,cmd,1.0000,-0.0001,
2.530,nav,1.0000,-0.0001,RPP
2.560,cmd,1.0000,-0.0001,
2.570,nav,1.0000,-0.0001,RPP
2.600,nav,1.0000,-0.0001,RPP
2.610,cmd,1.0000,-0.0001,
2.630,nav,1.0000,-0.0001,RPP
2.660,cmd,1.0000,-0.0001,
2.670,nav,1.0000,-0.0001,RPP
2.700,nav,1.0000,-0.0001,RPP
2.710,cmd,1.0000,-0.0001,
2.730,nav,1.0000,-0.0001,RPP
2.760,cmd,1.0000,-0.0001,
2.770,nav,1.0000,-0.0001,RPP
2.800,nav,1.0000,-0.0001,RPP
2.810,cmd,1.0000,-0.0001,
2.830,nav,1.0000,-0.0001,RPP
2.860,cmd,1.0000,-0.0001,
2.870,nav,1.0000,-0.0001,RPP
2.900,nav,1.0000,-0.0001,RPP
2.910,cmd,1.0000,-0.0001,
2.930,nav,1.0000,-0.0001,RPP
2.960,cmd,1.0000,-0.0001,
2.970,nav,1.0000,-0.0001,RPP
3.000,nav,1.0000,-0.0001,RPP
3.010,cmd,1.0000,-0.0001,
3.030,nav,1.0000,-0.0001,RPP
3.060,cmd,1.0000,-0.0001,
3.070,nav,1.0000,-0.0001,RPP
3.100,nav,1.0000,-0.0001,RPP
3.110,cmd,1.0000,-0.0001,
3.130,nav,1.0000,-0.0001,RPP
3.160,cmd,1.0000,-0.0001,
3.170,nav,1.0000,-0.0001,RPP
3.200,nav,1.0000,-0.0001,RPP
3.210,cmd,1.0000,-0.0001,
3.230,nav,1.0000,-0.0001,RPP
3.260,cmd,1.0000,-0.0001,
3.270,nav,1.0000,-0.0001,RPP
3.300,nav,1.0000,-0.0001,RPP
3.310,cmd,1.0000,-0.0001,
3.330,nav,1.0000,-0.0001,RPP
3.360,cmd,1.0000,-0.0001,
3.370,nav,1.0000,-0.0001,RPP
3.400,nav,1.0000,-0.0001,RPP
3.410,cmd,1.0000,-0.0001,
3.430,nav,1.0000,-0.0001,RPP
3.460,cmd,1.0000,-0.0001,
3.470,nav,1.0000,-0.0001,RPP
3.500,nav,1.0000,-0.0001,RPP
3.510,cmd,1.0000,-0.0001,
3.530,nav,1.0000,-0.0001,RPP
3.560,cmd,1.0000,-0.0001,
3.570,nav,1.0000,-0.0001,RPP
3.600,nav,1.0000,-0.0001,RPP
3.610,cmd,1.0000,-0.0001,
3.630,nav,1.0000,-0.0001,RPP
3.660,cmd,1.0000,-0.0001,
3.670,nav,1.0000,-0.0001,RPP
3.700,nav,1.0000,-0.0001,RPP
3.710,cmd,1.0000,-0.0001,
3.730,nav,1.0000,-0.0001,RPP
3.760,cmd,1.0000,-0.0001,
3.770,nav,1.0000,-0.0001,RPP
3.800,nav,1.0000,-0.0001,RPP
3.810,cmd,1.0000,-0.0001,
3.830,nav,1.0000,-0.0001,RPP
3.860,cmd,1.0000,-0.0001,
3.870,nav,1.0000,-0.0001,RPP
3.900,nav,1.0000,-0.0001,RPP
3.910,cmd,1.0000,-0.0001,
3.930,nav,1.0000,-0.0001,RPP
3.960,cmd,1.0000,-0.0001,
3.970,nav,1.0000,-0.0001,RPP
4.000,nav,1.0000,-0.0001,RPP
4.010,cmd,1.0000,-0.0001,
4.030,nav,1.0000,-0.0001,RPP
4.060,cmd,1.0000,-0.0001,
4.070,nav,1.0000,-0.0001,RPP
4.100,nav,1.0000,-0.0001,RPP
4.110,cmd,1.0000,-0.0001,
4.130,nav,1.0000,-0.0001,RPP
4.160,cmd,1.0000,-0.0001,
4.170,nav,1.0000,-0.0001,RPP
4.200,nav,1.0000,-0.0001,RPP
4.210,cmd,1.0000,-0.0001,
4.230,nav,1.0000,-0.0001,RPP
4.260,cmd,1.0000,-0.0001,
4.270,nav,1.0000,-0.0001,RPP
4.300,nav,1.0000,-0.0001,RPP
4.310,cmd,1.0000,-0.0001,
4.330,nav,1.0000,-0.0001,RPP
4.360,cmd,1.0000,-0.0001,
4.370,nav,1.0000,-0.0001,RPP
4.400,nav,1.0000,-0.0001,RPP
4.410,cmd,1.0000,-0.0001,
4.430,nav,1.0000,-0.0001,RPP
4.460,cmd,1.0000,-0.0001,
4.470,nav,1.0000,-0.0001,RPP
4.500,nav,1.0000,-0.0001,RPP
4.510,cmd,1.0000,-0.0001,
4.530,nav,1.0000,-0.0001,RPP
4.560,nav,1.0000,-0.0001,RPP
4.560,cmd,1.0000,-0.0001,
4.600,nav,1.0000,-0.0001,RPP
4.610,cmd,1.0000,-0.0001,
4.630,nav,1.0000,-0.0001,RPP
4.660,nav,1.0000,-0.0001,RPP
4.660,cmd,1.0000,-0.0001,
4.700,nav,1.0000,-0.0001,RPP
4.710,cmd,1.0000,-0.0001,
4.730,nav,1.0000,-0.0001,RPP
4.750,cmd,1.0000,-0.0001,
4.760,nav,1.0000,-0.0001,RPP
4.800,nav,1.0000,-0.0001,RPP
4.810,cmd,1.0000,-0.0001,
4.830,nav,1.0000,0.0018,RPP
4.860,nav,1.0000,0.0064,RPP
4.860,cmd,1.0000,0.0018,
4.900,nav,1.0000,0.0308,RPP
4.910,cmd,1.0000,0.0308,
4.930,nav,1.0000,0.0687,RPP
4.960,nav,1.0000,0.0895,RPP
4.960,cmd,1.0000,0.0687,
5.000,nav,1.0000,0.1639,RPP
5.010,cmd,1.0000,0.1187,
5.030,nav,1.0000,0.2444,RPP
5.060,nav,1.0000,0.2793,RPP
5.060,cmd,1.0000,0.1687,
5.100,nav,1.0000,0.3987,RPP
5.100,cmd,1.0000,0.2187,
5.130,nav,1.0000,0.5396,RPP
5.150,cmd,1.0000,0.2687,
5.160,nav,1.0000,0.6002,RPP
5.200,nav,0.9083,0.6667,RPP
5.200,cmd,0.9500,0.3187,
5.230,nav,0.7020,0.6667,RPP
5.250,cmd,0.9000,0.3687,
5.260,nav,0.6267,0.6667,RPP
5.300,nav,0.5413,0.6667,RPP
5.310,cmd,0.8500,0.4187,
5.330,nav,0.4533,0.6667,RPP
5.350,cmd,0.8000,0.4687,
5.360,nav,0.4181,0.6667,RPP
5.400,nav,0.3785,0.6667,RPP
5.400,cmd,0.7500,0.5187,
5.430,nav,0.3381,0.6667,RPP
5.450,cmd,0.7000,0.5687,
5.460,nav,0.0000,1.0988,RPP
5.500,nav,0.0000,1.1272,RPP
5.510,cmd,0.6500,0.6187,
5.530,nav,0.0000,1.1583,RPP
5.550,cmd,0.6000,0.6687,
5.560,nav,0.0000,1.1797,RPP
5.600,nav,0.0000,1.2102,RPP
5.610,cmd,0.5500,0.7187,
5.630,nav,0.0000,1.2426,RPP
5.650,cmd,0.5000,0.7687,
5.660,nav,0.0000,1.2706,RPP
5.700,nav,0.0000,1.3049,RPP
5.700,cmd,0.4500,0.8187,
5.730,nav,0.0000,1.3407,RPP
5.750,cmd,0.4000,0.8687,
5.760,nav,0.0000,1.3705,RPP
5.800,nav,0.0000,1.4088,RPP
5.800,cmd,0.3500,0.9187,
5.830,nav,0.3000,0.7529,RPP
5.850,cmd,0.3000,0.8687,
5.860,nav,0.3000,0.7429,RPP
5.900,nav,0.3000,0.6922,RPP
5.900,cmd,0.3000,0.8187,
5.930,nav,0.3000,0.6922,RPP
5.950,cmd,0.3000,0.7687,
5.960,nav,0.3000,0.6850,RPP
6.000,nav,0.3000,0.6892,RPP
6.000,cmd,0.3000,0.7187,
6.030,nav,0.3000,0.6973,RPP
6.050,cmd,0.3000,0.6973,
6.060,nav,0.3000,0.7052,RPP
6.100,nav,0.3000,0.7170,RPP
6.100,cmd,0.3000,0.7170,
6.130,nav,0.3000,0.7259,RPP
6.150,cmd,0.3000,0.7259,
6.160,nav,0.3000,0.7285,RPP
6.200,nav,0.3000,0.7303,RPP
6.200,cmd,0.3000,0.7303,
6.230,nav,0.3000,0.7387,RPP
6.250,cmd,0.3000,0.7387,
6.260,nav,0.3000,0.7438,RPP
6.300,nav,0.3000,0.7472,RPP
6.300,cmd,0.3000,0.7472,
6.330,nav,0.3000,0.7451,RPP
6.350,cmd,0.3000,0.7451,
6.360,nav,0.3000,0.7441,RPP
6.400,nav,0.3000,0.7553,RPP
6.400,cmd,0.3000,0.7553,
6.430,nav,0.3000,0.7534,RPP
6.450,cmd,0.3000,0.7534,
6.460,nav,0.3000,0.7617,RPP
6.500,nav,0.3000,0.7712,RPP
6.500,cmd,0.3000,0.7712,
6.530,nav,0.3000,0.7973,RPP
6.550,cmd,0.3000,0.7973,
6.560,nav,0.3000,0.8039,RPP
6.600,nav,0.3000,0.8210,RPP
6.600,cmd,0.3000,0.8210,
6.630,nav,0.3000,0.8301,RPP
6.650,cmd,0.3000,0.8301,
6.660,nav,0.3000,0.8351,RPP
6.700,nav,0.3000,0.8422,RPP
6.700,cmd,0.3000,0.8422,
6.730,nav,0.3000,0.8469,RPP
6.750,cmd,0.3000,0.8469,
6.760,nav,0.3000,0.8507,RPP
6.800,nav,0.3000,0.8559,RPP
6.800,cmd,0.3000,0.8559,
6.830,nav,0.3000,0.8613,RPP
6.850,cmd,0.3000,0.8613,
6.860,nav,0.3000,0.8618,RPP
6.900,nav,0.3000,0.8644,RPP
6.900,cmd,0.3000,0.8644,
6.930,nav,0.3000,0.8693,RPP
6.950,cmd,0.3000,0.8693,
6.960,nav,0.3000,0.8714,RPP
7.000,nav,0.3000,0.8720,RPP
7.000,cmd,0.3000,0.8720,
7.030,nav,0.3000,0.8712,RPP
7.050,cmd,0.3000,0.8712,
7.060,nav,0.3000,0.8705,RPP
7.100,nav,0.3000,0.8740,RPP
7.100,cmd,0.3000,0.8740,
7.130,nav,0.0000,1.6125,RPP
7.150,cmd,0.2500,0.9240,
7.160,nav,0.0000,1.5785,RPP
7.200,nav,0.3000,0.8775,RPP
7.200,cmd,0.3000,0.8775,
7.230,nav,0.3000,0.8762,RPP
7.250,cmd,0.3000,0.8762,
7.260,nav,0.3000,0.8817,RPP
7.300,nav,0.3000,0.8883,RPP
7.300,cmd,0.3000,0.8883,
7.330,nav,0.3000,0.8941,RPP
7.350,cmd,0.3000,0.8941,
7.360,nav,0.3000,0.8972,RPP
7.400,nav,0.3000,0.9044,RPP
7.400,cmd,0.3000,0.9044,
7.430,nav,0.3000,0.9076,RPP
7.450,cmd,0.3000,0.9076,
7.460,nav,0.3000,0.9088,RPP
7.500,nav,0.3000,0.9125,RPP
7.500,cmd,0.3000,0.9125,
7.530,nav,0.3000,0.9138,RPP
7.550,cmd,0.3000,0.9138,
7.560,nav,0.3000,0.9139,RPP
7.600,nav,0.3000,0.9159,RPP
7.600,cmd,0.3000,0.9159,
7.630,nav,0.3000,0.9171,RPP
7.650,cmd,0.3000,0.9171,
7.660,nav,0.3000,0.9172,RPP
7.700,nav,0.3000,0.9159,RPP
7.700,cmd,0.3000,0.9159,
7.730,nav,0.3000,0.9116,RPP
7.750,cmd,0.3000,0.9116,
7.760,nav,0.3000,0.9113,RPP
7.800,nav,0.3000,0.9073,RPP
7.800,cmd,0.3000,0.9073,
7.830,nav,0.3000,0.9032,RPP
7.850,cmd,0.3000,0.9032,
7.860,nav,0.3000,0.9008,RPP
7.900,nav,0.3000,0.8985,RPP
7.900,cmd,0.3000,0.8985,
7.930,nav,0.3000,0.8935,RPP
7.950,cmd,0.3000,0.8935,
7.960,nav,0.3000,0.8867,RPP
8.000,nav,0.3000,0.8778,RPP
8.000,cmd,0.3000,0.8778,
8.030,nav,0.3000,0.8724,RPP
8.050,cmd,0.3000,0.8724,
8.060,nav,0.3000,0.8647,RPP
8.100,nav,0.3000,0.8533,RPP
8.100,cmd,0.3000,0.8533,
8.130,nav,0.3000,0.8458,RPP
8.150,cmd,0.3000,0.8458,
8.160,nav,0.3000,0.8400,RPP
8.200,nav,0.3000,0.8192,RPP
8.200,cmd,0.3000,0.8192,
8.230,nav,0.3000,0.8044,RPP
8.250,cmd,0.3000,0.8044,
8.260,nav,0.3000,0.8033,RPP
8.300,nav,0.3000,0.7741,RPP
8.300,cmd,0.3000,0.7741,
8.330,nav,0.3000,0.7539,RPP
8.350,cmd,0.3000,0.7539,
8.360,nav,0.3000,0.7363,RPP
8.400,nav,0.3000,0.7175,RPP
8.400,cmd,0.3000,0.7175,
8.430,nav,0.3000,0.6977,RPP
8.450,cmd,0.3000,0.6977,
8.460,nav,0.3000,0.6895,RPP
8.500,nav,0.3024,0.6667,RPP
8.500,cmd,0.3024,0.6667,
8.530,nav,0.3109,0.6667,RPP
8.550,cmd,0.3109,0.6667,
8.560,nav,0.3173,0.6667,RPP
8.590,nav,0.3293,0.6667,RPP
8.600,cmd,0.3293,0.6667,
8.630,nav,0.3405,0.6667,RPP
8.650,cmd,0.3405,0.6667,
8.660,nav,0.3473,0.6667,RPP
8.690,nav,0.3569,0.6667,RPP
8.700,cmd,0.3569,0.6667,
8.730,nav,0.3846,0.6667,RPP
8.750,cmd,0.3846,0.6667,
8.760,nav,0.3950,0.6667,RPP
8.790,nav,0.4299,0.6667,RPP
8.800,cmd,0.4299,0.6667,
8.830,nav,0.4880,0.6667,RPP
8.850,cmd,0.4799,0.6667,
8.860,nav,0.5015,0.6667,RPP
8.890,nav,0.5621,0.6667,RPP
8.900,cmd,0.5299,0.6667,
8.930,nav,0.5769,0.6667,RPP
8.950,cmd,0.5769,0.6667,
8.960,nav,0.5842,0.6667,RPP
8.990,nav,0.6085,0.6667,RPP
9.000,cmd,0.6085,0.6667,
9.030,nav,0.6233,0.6667,RPP
9.050,cmd,0.6233,0.6667,
9.060,nav,0.6308,0.6667,RPP
9.090,nav,0.6587,0.6667,RPP
9.100,cmd,0.6587,0.6667,
9.130,nav,0.6776,0.6667,RPP
9.150,cmd,0.6776,0.6667,
9.160,nav,0.6877,0.6667,RPP
9.190,nav,0.7264,0.6667,RPP
9.200,cmd,0.7264,0.6667,
9.230,nav,0.7521,0.6667,RPP
9.250,cmd,0.7521,0.6667,
9.260,nav,0.7662,0.6667,RPP
9.290,nav,0.8002,0.6667,RPP
9.300,cmd,0.8002,0.6667,
9.330,nav,0.8614,0.6667,RPP
9.350,cmd,0.8502,0.6667,
9.360,nav,0.8839,0.6667,RPP
9.390,nav,0.9324,0.6667,RPP
9.400,cmd,0.9002,0.6667,
9.430,nav,1.0000,0.6499,RPP
9.450,cmd,0.9502,0.6499,
9.460,nav,1.0000,0.6294,RPP
9.490,nav,1.0000,0.5879,RPP
9.500,cmd,1.0000,0.5999,
9.530,nav,1.0000,0.5157,RPP
9.550,cmd,1.0000,0.5499,
9.560,nav,1.0000,0.4960,RPP
9.590,nav,1.0000,0.4562,RPP
9.600,cmd,1.0000,0.4999,
9.630,nav,1.0000,0.4140,RPP
9.650,cmd,1.0000,0.4499,
9.660,nav,1.0000,0.3743,RPP
9.690,nav,1.0000,0.3244,RPP
9.700,cmd,1.0000,0.3999,
9.730,nav,1.0000,0.2868,RPP
9.750,cmd,1.0000,0.3499,
9.760,nav,1.0000,0.2484,RPP
9.790,nav,1.0000,0.2023,RPP
9.800,cmd,1.0000,0.2999,
9.830,nav,1.0000,0.1682,RPP
9.850,cmd,1.0000,0.2499,
9.860,nav,1.0000,0.1359,RPP
9.890,nav,1.0000,0.0898,RPP
9.900,cmd,1.0000,0.1999,
9.930,nav,1.0000,0.0616,RPP
9.950,cmd,1.0000,0.1499,
9.960,nav,1.0000,0.0457,RPP
9.990,nav,1.0000,0.0012,RPP
10.000,cmd,1.0000,0.0999,
10.030,nav,1.0000,-0.0301,RPP
10.050,cmd,1.0000,0.0499,
10.060,nav,1.0000,-0.0414,RPP
10.090,nav,1.0000,-0.0743,RPP
10.100,cmd,1.0000,-0.0001,
10.130,nav,1.0000,-0.0966,RPP
10.150,cmd,1.0000,-0.0501,
10.160,nav,1.0000,-0.1035,RPP
10.190,nav,1.0000,-0.1237,RPP
10.200,cmd,1.0000,-0.1001,
10.230,nav,1.0000,-0.1370,RPP
10.250,cmd,1.0000,-0.1370,
10.260,nav,1.0000,-0.1385,RPP
10.290,nav,1.0000,-0.1424,RPP
10.300,cmd,1.0000,-0.1424,
10.330,nav,1.0000,-0.1476,RPP
10.350,cmd,1.0000,-0.1476,
10.360,nav,1.0000,-0.1495,RPP
10.390,nav,1.0000,-0.1501,RPP
10.400,cmd,1.0000,-0.1501,
10.430,nav,1.0000,-0.1510,RPP
10.450,cmd,1.0000,-0.1510,
10.460,nav,1.0000,-0.1511,RPP
10.490,nav,1.0000,-0.1502,RPP
10.500,cmd,1.0000,-0.1502,
10.530,nav,1.0000,-0.1485,RPP
10.550,cmd,1.0000,-0.1485,
10.560,nav,1.0000,-0.1470,RPP
10.590,nav,1.0000,-0.1445,RPP
10.600,cmd,1.0000,-0.1445,
10.630,nav,1.0000,-0.1418,RPP
10.650,cmd,1.0000,-0.1418,
10.660,nav,1.0000,-0.1402,RPP
10.690,nav,1.0000,-0.1345,RPP
10.700,cmd,1.0000,-0.1345,
10.730,nav,1.0000,-0.1307,RPP
10.750,cmd,1.0000,-0.1307,
10.760,nav,1.0000,-0.1288,RPP
10.790,nav,1.0000,-0.1216,RPP
10.800,cmd,1.0000,-0.1216,
10.830,nav,1.0000,-0.1172,RPP
10.850,cmd,1.0000,-0.1172,
10.860,nav,1.0000,-0.1150,RPP
10.890,nav,1.0000,-0.1066,RPP
10.900,cmd,1.0000,-0.1066,
10.930,nav,1.0000,-0.1045,RPP
10.950,cmd,1.0000,-0.1045,
10.960,nav,1.0000,-0.1003,RPP
10.990,nav,1.0000,-0.0952,RPP
11.000,cmd,1.0000,-0.0952,
11.030,nav,1.0000,-0.0903,RPP
11.050,cmd,1.0000,-0.0903,
11.060,nav,1.0000,-0.0842,RPP
11.090,nav,1.0000,-0.0792,RPP
11.100,cmd,1.0000,-0.0792,
11.130,nav,1.0000,-0.0743,RPP
11.150,cmd,1.0000,-0.0743,
11.160,nav,1.0000,-0.0684,RPP
11.190,nav,1.0000,-0.0638,RPP
11.200,cmd,1.0000,-0.0638,
11.230,nav,1.0000,-0.0596,RPP
11.250,cmd,1.0000,-0.0596,
11.260,nav,1.0000,-0.0537,RPP
11.290,nav,1.0000,-0.0497,RPP
11.300,cmd,1.0000,-0.0497,
11.330,nav,1.0000,-0.0474,RPP
11.350,cmd,1.0000,-0.0474,
11.360,nav,1.0000,-0.0416,RPP
11.390,nav,1.0000,-0.0367,RPP
11.400,cmd,1.0000,-0.0367,
11.430,nav,1.0000,-0.0347,RPP
11.450,cmd,1.0000,-0.0347,
11.460,nav,1.0000,-0.0299,RPP
11.490,nav,1.0000,-0.0257,RPP
11.500,cmd,1.0000,-0.0257,
11.530,nav,1.0000,-0.0241,RPP
11.550,cmd,1.0000,-0.0241,
11.560,nav,1.0000,-0.0204,RPP
11.590,nav,1.0000,-0.0166,RPP
11.600,cmd,1.0000,-0.0166,
11.630,nav,1.0000,-0.0154,RPP
11.650,cmd,1.0000,-0.0154,
11.660,nav,1.0000,-0.0134,RPP
11.690,nav,1.0000,-0.0098,RPP
11.700,cmd,1.0000,-0.0098,
11.730,nav,1.0000,-0.0082,RPP
11.750,cmd,1.0000,-0.0082,
11.760,nav,1.0000,-0.0066,RPP
11.790,nav,1.0000,-0.0038,RPP
11.800,cmd,1.0000,-0.0038,
11.830,nav,1.0000,-0.0025,RPP
11.850,cmd,1.0000,-0.0025,
11.860,nav,1.0000,-0.0013,RPP
11.890,nav,1.0000,0.0007,RPP
11.900,cmd,1.0000,0.0007,
11.930,nav,1.0000,0.0019,RPP
11.950,cmd,1.0000,0.0019,
11.960,nav,1.0000,0.0027,RPP
11.990,nav,1.0000,0.0036,RPP
12.000,cmd,1.0000,0.0036,
12.020,nav,1.0000,0.0041,RPP
12.050,cmd,1.0000,0.0041,
12.060,nav,1.0000,0.0056,RPP
12.090,nav,1.0000,0.0063,RPP
12.100,cmd,1.0000,0.0063,
12.120,nav,1.0000,0.0067,RPP
12.150,cmd,1.0000,0.0067,
12.160,nav,1.0000,0.0076,RPP
12.190,nav,1.0000,0.0080,RPP
12.200,cmd,1.0000,0.0080,
12.220,nav,1.0000,0.0082,RPP
12.250,cmd,1.0000,0.0082,
12.260,nav,1.0000,0.0088,RPP
12.290,nav,1.0000,0.0090,RPP
12.300,cmd,1.0000,0.0090,
12.320,nav,1.0000,0.0090,RPP
12.350,cmd,1.0000,0.0090,
12.360,nav,1.0000,0.0091,RPP
12.390,nav,1.0000,0.0092,RPP
12.400,cmd,1.0000,0.0092,
12.420,nav,1.0000,0.0092,RPP
12.450,cmd,1.0000,0.0092,
12.460,nav,1.0000,0.0092,RPP
12.490,nav,1.0000,0.0091,RPP
12.500,cmd,1.0000,0.0091,
12.520,nav,1.0000,0.0090,RPP
12.550,cmd,1.0000,0.0090,
12.560,nav,1.0000,0.0089,RPP
12.590,nav,1.0000,0.0086,RPP
12.600,cmd,1.0000,0.0086,
12.620,nav,1.0000,0.0085,RPP
12.650,cmd,1.0000,0.0085,
12.660,nav,1.0000,0.0083,RPP
12.690,nav,1.0000,0.0080,RPP
12.700,cmd,1.0000,0.0080,
12.720,nav,1.0000,0.0078,RPP
12.750,cmd,1.0000,0.0078,
12.760,nav,1.0000,0.0075,RPP
12.790,nav,1.0000,0.0072,RPP
12.800,cmd,1.0000,0.0072,
12.820,nav,1.0000,0.0069,RPP
12.850,cmd,1.0000,0.0069,
12.860,nav,1.0000,0.0065,RPP
12.890,nav,1.0000,0.0062,RPP
12.900,cmd,1.0000,0.0062,
12.920,nav,1.0000,0.0060,RPP
12.950,cmd,1.0000,0.0060,
12.960,nav,1.0000,0.0056,RPP
12.990,nav,1.0000,0.0053,RPP
13.000,cmd,1.0000,0.0053,
13.020,nav,1.0000,0.0051,RPP
13.050,cmd,1.0000,0.0051,
13.060,nav,1.0000,0.0047,RPP
13.090,nav,1.0000,0.0043,RPP
13.100,cmd,1.0000,0.0043,
13.120,nav,1.0000,0.0042,RPP
13.150,cmd,1.0000,0.0042,
13.160,nav,1.0000,0.0038,RPP
13.190,nav,1.0000,0.0035,RPP
13.200,cmd,1.0000,0.0035,
13.220,nav,1.0000,0.0033,RPP
13.250,cmd,1.0000,0.0033,
13.260,nav,1.0000,0.0030,RPP
13.290,nav,1.0000,0.0027,RPP
13.300,cmd,1.0000,0.0027,
13.320,nav,1.0000,0.0025,RPP
13.350,cmd,1.0000,0.0025,
13.360,nav,1.0000,0.0023,RPP
13.390,nav,1.0000,0.0020,RPP
13.400,cmd,1.0000,0.0020,
13.420,nav,1.0000,0.0018,RPP
13.450,cmd,1.0000,0.0018,
13.460,nav,1.0000,0.0017,RPP
13.490,nav,1.0000,-0.0032,RPP
13.500,cmd,1.0000,-0.0032,
13.520,nav,1.0000,-0.0094,RPP
13.550,cmd,1.0000,-0.0094,
13.560,nav,1.0000,-0.0311,RPP
13.590,nav,1.0000,-0.0767,RPP
13.600,cmd,1.0000,-0.0594,
13.620,nav,1.0000,-0.1124,RPP
13.650,cmd,1.0000,-0.1094,
13.660,nav,1.0000,-0.1619,RPP
13.690,nav,1.0000,-0.2285,RPP
13.700,cmd,1.0000,-0.1594,
13.720,nav,1.0000,-0.2670,RPP
13.750,cmd,1.0000,-0.2094,
13.760,nav,1.0000,-0.4103,RPP
13.790,nav,1.0000,-0.5186,RPP
13.800,cmd,1.0000,-0.2594,
13.820,nav,1.0000,-0.5817,RPP
13.850,cmd,1.0000,-0.3094,
13.860,nav,0.8354,-0.6667,RPP
13.890,nav,0.6958,-0.6667,RPP
13.900,cmd,0.9500,-0.3594,
13.920,nav,0.6378,-0.6667,RPP
13.950,cmd,0.9000,-0.4094,
13.960,nav,0.4991,-0.6667,RPP
13.990,nav,0.4408,-0.6667,RPP
14.000,cmd,0.8500,-0.4594,
14.020,nav,0.4164,-0.6667,RPP
14.050,cmd,0.8000,-0.5094,
14.060,nav,0.3744,-0.6667,RPP
14.090,nav,0.0000,-1.0939,RPP
14.100,cmd,0.7500,-0.5594,
14.120,nav,0.0000,-1.1157,RPP
14.150,cmd,0.7000,-0.6094,
14.160,nav,0.0000,-1.1613,RPP
14.190,nav,0.0000,-1.1891,RPP
14.200,cmd,0.6500,-0.6594,
14.220,nav,0.0000,-1.2108,RPP
14.250,cmd,0.6000,-0.7094,
14.260,nav,0.0000,-1.2587,RPP
14.290,nav,0.0000,-1.2860,RPP
14.300,cmd,0.5500,-0.7594,
14.320,nav,0.0000,-1.3101,RPP
14.350,cmd,0.5000,-0.8094,
14.360,nav,0.0000,-1.3613,RPP
14.390,nav,0.0000,-1.3955,RPP
14.400,cmd,0.4500,-0.8594,
14.420,nav,0.0000,-1.4190,RPP
14.450,cmd,0.4000,-0.9094,
14.460,nav,0.0000,-1.4743,RPP
14.490,nav,0.0000,-1.5099,RPP
14.500,cmd,0.3500,-0.9594,
14.520,nav,0.0000,-1.5342,RPP
14.550,cmd,0.3000,-1.0000,
14.560,nav,0.3000,-0.8024,RPP
14.590,nav,0.3000,-0.7694,RPP
14.600,cmd,0.3000,-0.9500,
14.620,nav,0.3000,-0.7634,RPP
14.650,cmd,0.3000,-0.9000,
14.660,nav,0.3000,-0.7491,RPP
14.690,nav,0.3000,-0.7406,RPP
14.700,cmd,0.3000,-0.8500,
14.720,nav,0.3000,-0.7418,RPP
14.750,cmd,0.3000,-0.8000,
14.760,nav,0.3000,-0.7406,RPP
14.790,nav,0.3000,-0.7453,RPP
14.800,cmd,0.3000,-0.7500,
14.820,nav,0.3000,-0.7489,RPP
14.850,cmd,0.3000,-0.7489,
14.860,nav,0.3000,-0.7549,RPP
14.890,nav,0.3000,-0.7566,RPP
14.900,cmd,0.3000,-0.7566,
14.920,nav,0.3000,-0.7539,RPP
14.950,cmd,0.3000,-0.7539,
14.960,nav,0.3000,-0.7553,RPP
14.990,nav,0.3000,-0.7763,RPP
15.000,cmd,0.3000,-0.7763,
15.020,nav,0.3000,-0.7710,RPP
15.050,cmd,0.3000,-0.7710,
15.060,nav,0.3000,-0.7848,RPP
15.090,nav,0.3000,-0.8037,RPP
15.100,cmd,0.3000,-0.8037,
15.120,nav,0.3000,-0.8089,RPP
15.150,nav,0.3000,-0.8231,RPP
15.150,cmd,0.3000,-0.8089,
15.190,nav,0.3000,-0.8351,RPP
15.200,cmd,0.3000,-0.8351,
15.220,nav,0.3000,-0.8363,RPP
15.250,nav,0.3000,-0.8456,RPP
15.250,cmd,0.3000,-0.8363,
15.290,nav,0.3000,-0.8509,RPP
15.300,cmd,0.3000,-0.8509,
15.320,nav,0.3000,-0.8543,RPP
15.350,nav,0.3000,-0.8555,RPP
15.350,cmd,0.3000,-0.8543,
15.390,nav,0.3000,-0.8607,RPP
15.400,cmd,0.3000,-0.8607,
15.420,nav,0.3000,-0.8623,RPP
15.450,nav,0.3000,-0.8652,RPP
15.450,cmd,0.3000,-0.8623,
15.490,nav,0.3000,-0.8655,RPP
15.500,cmd,0.3000,-0.8655,
15.520,nav,0.3000,-0.8661,RPP
15.550,nav,0.3000,-0.8684,RPP
15.550,cmd,0.3000,-0.8661,
15.590,nav,0.3000,-0.8683,RPP
15.600,cmd,0.3000,-0.8683,
15.620,nav,0.3000,-0.8669,RPP
15.650,nav,0.3000,-0.8647,RPP
15.650,cmd,0.3000,-0.8669,
15.690,nav,0.3000,-0.8636,RPP
15.700,cmd,0.3000,-0.8636,
15.720,nav,0.3000,-0.8629,RPP
15.750,nav,0.3000,-0.8641,RPP
15.750,cmd,0.3000,-0.8629,
15.790,nav,0.0000,-1.5266,RPP
15.800,cmd,0.2500,-0.9129,
15.820,nav,0.0000,-1.4655,RPP
15.850,nav,0.3000,-0.8615,RPP
15.850,cmd,0.2000,-0.9629,
15.890,nav,0.3000,-0.8338,RPP
15.900,cmd,0.2500,-0.9129,
15.920,nav,0.3000,-0.8279,RPP
15.950,nav,0.3000,-0.8285,RPP
15.950,cmd,0.3000,-0.8629,
15.990,nav,0.3000,-0.8472,RPP
15.990,cmd,0.3000,-0.8472,
16.020,nav,0.3000,-0.8515,RPP
16.050,nav,0.3000,-0.8591,RPP
16.050,cmd,0.3000,-0.8515,
16.090,nav,0.3000,-0.8634,RPP
16.100,cmd,0.3000,-0.8634,
16.120,nav,0.3000,-0.8661,RPP
16.140,cmd,0.3000,-0.8661,
16.150,nav,0.3000,-0.8680,RPP
16.190,nav,0.3000,-0.8691,RPP
16.200,cmd,0.3000,-0.8691,
16.220,nav,0.3000,-0.8709,RPP
16.240,cmd,0.3000,-0.8709,
16.250,nav,0.3000,-0.8720,RPP
16.290,nav,0.3000,-0.8713,RPP
16.290,cmd,0.3000,-0.8713,
16.320,nav,0.3000,-0.8713,RPP
16.340,cmd,0.3000,-0.8713,
16.350,nav,0.3000,-0.8690,RPP
16.390,nav,0.3000,-0.8667,RPP
16.390,cmd,0.3000,-0.8667,
16.420,nav,0.3000,-0.8651,RPP
16.440,cmd,0.3000,-0.8651,
16.450,nav,0.3000,-0.8610,RPP
16.490,nav,0.3000,-0.8552,RPP
16.490,cmd,0.3000,-0.8552,
16.520,nav,0.3000,-0.8515,RPP
16.540,cmd,0.3000,-0.8515,
16.550,nav,0.3000,-0.8438,RPP
16.590,nav,0.3000,-0.8361,RPP
16.590,cmd,0.3000,-0.8361,
16.620,nav,0.3000,-0.8308,RPP
16.640,cmd,0.3000,-0.8308,
16.650,nav,0.3000,-0.8212,RPP
16.690,nav,0.3000,-0.8110,RPP
16.690,cmd,0.3000,-0.8110,
16.720,nav,0.3000,-0.8037,RPP
16.740,cmd,0.3000,-0.8037,
16.750,nav,0.3000,-0.7926,RPP
16.790,nav,0.3000,-0.7795,RPP
16.790,cmd,0.3000,-0.7795,
16.820,nav,0.3000,-0.7708,RPP
16.840,cmd,0.3000,-0.7708,
16.850,nav,0.3000,-0.7607,RPP
16.890,nav,0.3000,-0.7472,RPP
16.890,cmd,0.3000,-0.7472,
16.920,nav,0.3000,-0.7364,RPP
16.940,cmd,0.3000,-0.7364,
16.950,nav,0.3000,-0.7261,RPP
16.990,nav,0.3000,-0.7149,RPP
16.990,cmd,0.3000,-0.7149,
17.020,nav,0.3000,-0.6940,RPP
17.040,cmd,0.3000,-0.6940,
17.050,nav,0.3008,-0.6667,RPP
17.090,nav,0.3009,-0.6667,RPP
17.090,cmd,0.3009,-0.6667,
17.120,nav,0.3106,-0.6667,RPP
17.140,cmd,0.3106,-0.6667,
17.150,nav,0.3182,-0.6667,RPP
17.190,nav,0.3268,-0.6667,RPP
17.190,cmd,0.3268,-0.6667,
17.220,nav,0.3285,-0.6667,RPP
17.240,cmd,0.3285,-0.6667,
17.250,nav,0.3498,-0.6667,RPP
17.290,nav,0.3534,-0.6667,RPP
17.290,cmd,0.3534,-0.6667,
17.320,nav,0.3598,-0.6667,RPP
17.340,cmd,0.3598,-0.6667,
17.350,nav,0.3885,-0.6667,RPP
17.390,nav,0.4028,-0.6667,RPP
17.390,cmd,0.4028,-0.6667,
17.420,nav,0.4147,-0.6667,RPP
17.440,cmd,0.4147,-0.6667,
17.450,nav,0.4644,-0.6667,RPP
17.490,nav,0.4874,-0.6667,RPP
17.490,cmd,0.4647,-0.6667,
17.520,nav,0.5120,-0.6667,RPP
17.540,cmd,0.5120,-0.6667,
17.550,nav,0.5823,-0.6667,RPP
17.590,nav,0.5967,-0.6667,RPP
17.590,cmd,0.5620,-0.6667,
17.620,nav,0.6172,-0.6667,RPP
17.640,cmd,0.6120,-0.6667,
17.650,nav,0.6335,-0.6667,RPP
17.690,nav,0.6479,-0.6667,RPP
17.690,cmd,0.6479,-0.6667,
17.720,nav,0.6702,-0.6667,RPP
17.740,cmd,0.6702,-0.6667,
17.750,nav,0.6868,-0.6667,RPP
17.790,nav,0.7080,-0.6667,RPP
17.790,cmd,0.7080,-0.6667,
17.820,nav,0.7275,-0.6667,RPP
17.840,cmd,0.7275,-0.6667,
17.850,nav,0.7554,-0.6667,RPP
17.890,nav,0.7670,-0.6667,RPP
17.890,cmd,0.7670,-0.6667,
17.920,nav,0.8034,-0.6667,RPP
17.940,cmd,0.8034,-0.6667,
17.950,nav,0.8406,-0.6667,RPP
17.990,nav,0.8579,-0.6667,RPP
17.990,cmd,0.8534,-0.6667,
18.020,nav,0.9105,-0.6667,RPP
18.040,cmd,0.9034,-0.6667,
18.050,nav,0.9746,-0.6667,RPP
18.090,nav,1.0000,-0.6653,RPP
18.090,cmd,0.9534,-0.6653,
18.120,nav,1.0000,-0.6259,RPP
18.140,cmd,1.0000,-0.6259,
18.150,nav,1.0000,-0.5645,RPP
18.190,nav,1.0000,-0.5341,RPP
18.190,cmd,1.0000,-0.5759,
18.220,nav,1.0000,-0.4900,RPP
18.240,cmd,1.0000,-0.5259,
18.250,nav,1.0000,-0.4275,RPP
18.290,nav,1.0000,-0.3977,RPP
18.290,cmd,1.0000,-0.4759,
18.320,nav,1.0000,-0.3546,RPP
18.340,cmd,1.0000,-0.4259,
18.350,nav,1.0000,-0.2984,RPP
18.390,nav,1.0000,-0.2641,RPP
18.390,cmd,1.0000,-0.3759,
18.420,nav,1.0000,-0.2233,RPP
18.440,cmd,1.0000,-0.3259,
18.450,nav,1.0000,-0.1856,RPP
18.480,nav,1.0000,-0.1658,RPP
18.490,cmd,1.0000,-0.2759,
18.520,nav,1.0000,-0.0995,RPP
18.540,cmd,1.0000,-0.2259,
18.550,nav,1.0000,-0.0646,RPP
18.580,nav,1.0000,-0.0489,RPP
18.590,cmd,1.0000,-0.1759,
18.620,nav,1.0000,0.0102,RPP
18.640,cmd,1.0000,-0.1259,
18.650,nav,1.0000,0.0390,RPP
18.680,nav,1.0000,0.0509,RPP
18.690,cmd,1.0000,-0.0759,
18.720,nav,1.0000,0.1023,RPP
18.740,cmd,1.0000,-0.0259,
18.750,nav,1.0000,0.1207,RPP
18.780,nav,1.0000,0.1276,RPP
18.790,cmd,1.0000,0.0241,
18.820,nav,1.0000,0.1485,RPP
18.840,cmd,1.0000,0.0741,
18.850,nav,1.0000,0.1784,RPP
18.880,nav,1.0000,0.1833,RPP
18.890,cmd,1.0000,0.1241,
18.920,nav,1.0000,0.1924,RPP
18.940,cmd,1.0000,0.1741,
18.950,nav,1.0000,0.2068,RPP
18.980,nav,1.0000,0.2067,RPP
18.990,cmd,1.0000,0.2067,
19.020,nav,1.0000,0.2051,RPP
19.040,cmd,1.0000,0.2051,
19.050,nav,1.0000,0.2045,RPP
19.080,nav,1.0000,0.2009,RPP
19.090,cmd,1.0000,0.2009,
19.120,nav,1.0000,0.1954,RPP
19.140,cmd,1.0000,0.1954,
19.150,nav,1.0000,0.1912,RPP
19.180,nav,1.0000,0.1870,RPP
19.190,cmd,1.0000,0.1870,
19.220,nav,1.0000,0.1806,RPP
19.240,cmd,1.0000,0.1806,
19.250,nav,1.0000,0.1752,RPP
19.280,nav,1.0000,0.1696,RPP
19.290,cmd,1.0000,0.1696,
19.320,nav,1.0000,0.1618,RPP
19.340,cmd,1.0000,0.1618,
19.350,nav,1.0000,0.1558,RPP
19.380,nav,1.0000,0.1501,RPP
19.390,cmd,1.0000,0.1501,
19.420,nav,1.0000,0.1410,RPP
19.440,cmd,1.0000,0.1410,
19.450,nav,1.0000,0.1351,RPP
19.480,nav,1.0000,0.1318,RPP
19.490,cmd,1.0000,0.1318,
19.520,nav,1.0000,0.1216,RPP
19.540,cmd,1.0000,0.1216,
19.550,nav,1.0000,0.1133,RPP
19.580,nav,1.0000,0.1101,RPP
19.590,cmd,1.0000,0.1101,
19.620,nav,1.0000,0.1000,RPP
19.640,cmd,1.0000,0.1000,
19.650,nav,1.0000,0.0921,RPP
19.680,nav,1.0000,0.0893,RPP
19.690,cmd,1.0000,0.0893,
19.720,nav,1.0000,0.0805,RPP
19.740,cmd,1.0000,0.0805,
19.750,nav,1.0000,0.0726,RPP
19.780,nav,1.0000,0.0700,RPP
19.790,cmd,1.0000,0.0700,
19.820,nav,1.0000,0.0642,RPP
19.840,cmd,1.0000,0.0642,
19.850,nav,1.0000,0.0561,RPP
19.880,nav,1.0000,0.0522,RPP
19.890,cmd,1.0000,0.0522,
19.920,nav,1.0000,0.0468,RPP
19.940,cmd,1.0000,0.0468,
19.950,nav,1.0000,0.0400,RPP
19.980,nav,1.0000,0.0367,RPP
19.990,cmd,1.0000,0.0367,
20.020,nav,1.0000,0.0322,RPP
20.040,cmd,1.0000,0.0322,
20.050,nav,1.0000,0.0270,RPP
20.080,nav,1.0000,0.0236,RPP
20.090,cmd,1.0000,0.0236,
20.120,nav,1.0000,0.0202,RPP
20.140,cmd,1.0000,0.0202,
20.150,nav,1.0000,0.0173,RPP
20.180,nav,1.0000,0.0158,RPP
20.190,cmd,1.0000,0.0158,
20.220,nav,1.0000,0.0104,RPP
20.240,cmd,1.0000,0.0104,
20.250,nav,1.0000,0.0079,RPP
20.280,nav,1.0000,0.0068,RPP
20.290,cmd,1.0000,0.0068,
20.320,nav,1.0000,0.0026,RPP
20.340,cmd,1.0000,0.0026,
20.350,nav,1.0000,0.0007,RPP
20.380,nav,1.0000,-0.0001,RPP
20.390,cmd,1.0000,-0.0001,
20.420,nav,1.0000,-0.0035,RPP
20.440,cmd,1.0000,-0.0035,
20.450,nav,1.0000,-0.0047,RPP
20.480,nav,1.0000,-0.0052,RPP
20.490,cmd,1.0000,-0.0052,
20.520,nav,1.0000,-0.0065,RPP
20.540,cmd,1.0000,-0.0065,
20.550,nav,1.0000,-0.0084,RPP
20.580,nav,1.0000,-0.0088,RPP
20.590,cmd,1.0000,-0.0088,
20.620,nav,1.0000,-0.0097,RPP
20.640,cmd,1.0000,-0.0097,
20.650,nav,1.0000,-0.0109,RPP
20.680,nav,1.0000,-0.0112,RPP
20.690,cmd,1.0000,-0.0112,
20.720,nav,1.0000,-0.0117,RPP
20.740,cmd,1.0000,-0.0117,
20.750,nav,1.0000,-0.0124,RPP
20.780,nav,1.0000,-0.0125,RPP
20.790,cmd,1.0000,-0.0125,
20.820,nav,1.0000,-0.0126,RPP
20.840,cmd,1.0000,-0.0126,
20.850,nav,1.0000,-0.0127,RPP
20.880,nav,1.0000,-0.0128,RPP
20.890,cmd,1.0000,-0.0128,
20.920,nav,1.0000,-0.0128,RPP
20.940,cmd,1.0000,-0.0128,
20.950,nav,1.0000,-0.0127,RPP
20.980,nav,1.0000,-0.0126,RPP
20.990,cmd,1.0000,-0.0126,
21.020,nav,1.0000,-0.0124,RPP
21.040,cmd,1.0000,-0.0124,
21.050,nav,1.0000,-0.0122,RPP
21.080,nav,1.0000,-0.0120,RPP
21.090,cmd,1.0000,-0.0120,
21.120,nav,1.0000,-0.0116,RPP
21.140,cmd,1.0000,-0.0116,
21.150,nav,1.0000,-0.0113,RPP
21.180,nav,1.0000,-0.0112,RPP
21.190,cmd,1.0000,-0.0112,
21.220,nav,1.0000,-0.0107,RPP
21.240,cmd,1.0000,-0.0107,
21.250,nav,1.0000,-0.0102,RPP
21.280,nav,1.0000,-0.0100,RPP
21.290,cmd,1.0000,-0.0100,
21.320,nav,1.0000,-0.0094,RPP
21.340,cmd,1.0000,-0.0094,
21.350,nav,1.0000,-0.0089,RPP
21.380,nav,1.0000,-0.0087,RPP
21.390,cmd,1.0000,-0.0087,
21.420,nav,1.0000,-0.0082,RPP
21.440,cmd,1.0000,-0.0082,
21.450,nav,1.0000,-0.0076,RPP
21.480,nav,1.0000,-0.0075,RPP
21.490,cmd,1.0000,-0.0075,
21.520,nav,1.0000,-0.0071,RPP
21.540,cmd,1.0000,-0.0071,
21.550,nav,1.0000,-0.0065,RPP
21.580,nav,1.0000,-0.0062,RPP
21.590,cmd,1.0000,-0.0062,
21.620,nav,1.0000,-0.0058,RPP
21.640,cmd,1.0000,-0.0058,
21.650,nav,1.0000,-0.0052,RPP
21.680,nav,1.0000,-0.0049,RPP
21.690,cmd,1.0000,-0.0049,
21.720,nav,1.0000,-0.0046,RPP
21.740,cmd,1.0000,-0.0046,
21.750,nav,1.0000,-0.0041,RPP
21.780,nav,1.0000,-0.0038,RPP
21.790,cmd,1.0000,-0.0038,
21.820,nav,1.0000,-0.0035,RPP
21.840,cmd,1.0000,-0.0035,
21.850,nav,1.0000,-0.0033,RPP
21.880,nav,1.0000,-0.0031,RPP
21.890,cmd,1.0000,-0.0031,
21.920,nav,1.0000,-0.0026,RPP
21.940,cmd,1.0000,-0.0026,
21.950,nav,1.0000,-0.0024,RPP
21.980,nav,1.0000,-0.0023,RPP
21.990,cmd,1.0000,-0.0023,
22.020,nav,1.0000,-0.0018,RPP
22.040,cmd,1.0000,-0.0018,
22.050,nav,1.0000,-0.0016,RPP
22.080,nav,1.0000,-0.0015,RPP
22.090,cmd,1.0000,-0.0015,
22.120,nav,1.0000,-0.0012,RPP
22.140,cmd,1.0000,-0.0012,
22.150,nav,1.0000,-0.0013,RPP
22.180,nav,1.0000,-0.0013,RPP
22.190,cmd,1.0000,-0.0013,
22.210,nav,0.9962,-0.0013,RPP
22.240,cmd,0.9962,-0.0013,
22.250,nav,0.9099,-0.0012,RPP
22.280,nav,0.8817,-0.0012,RPP
22.290,cmd,0.9462,-0.0012,
22.310,nav,0.8268,-0.0012,RPP
22.340,cmd,0.8962,-0.0012,
22.350,nav,0.7435,-0.0100,RPP
22.380,nav,0.7186,-0.0103,RPP
22.390,cmd,0.8462,-0.0103,
22.410,nav,0.6707,-0.0124,RPP
22.440,cmd,0.7962,-0.0124,
22.450,nav,0.5934,-0.0125,RPP
22.480,nav,0.5739,-0.0114,RPP
22.490,cmd,0.7462,-0.0114,
22.510,nav,0.5337,-0.0101,RPP
22.540,cmd,0.6962,-0.0101,
22.550,nav,0.0000,-0.0877,RPP
