run_label,controller,result,completion_time_s,path_length_ref_m,path_length_robot_m,samples,cte_rms_all,cte_max_all,cte_rms_swath,cte_max_swath,cte_rms_turn,cte_max_turn,cmd_ang_acc_rms,cmd_ang_acc_max,cmd_ang_jerk_rms,cmd_ang_jerk_max,cmd_ang_jerk_events,odom_ang_acc_rms,odom_ang_acc_max,odom_ang_jerk_rms,odom_ang_jerk_max,odom_ang_jerk_events,nav_ang_acc_rms,nav_ang_acc_max,nav_ang_jerk_rms,nav_ang_jerk_max,nav_ang_jerk_events,coverage_pct,switches,switch_dv_max,switch_dw_max,boundaries,trans_cte_mean,trans_cte_max,trans_nav_dv_max,trans_nav_dw_max
rpp-only_run1,rpp-only,succeeded,22.6400,17.3545,16.9551,378,0.0346,0.1059,0.0113,0.0575,0.0478,0.1059,0.4303,1.1500,3.5380,32.0000,14,0.5775,3.1425,10.9738,77.5613,76,1.4820,14.3071,40.2515,488.8622,54,98.0786,0,nan,nan,4,0.0789,0.1059,0.3678,0.7215
mppi-only_run1,mppi-only,succeeded,30.0600,17.3545,16.9913,501,0.0112,0.0327,0.0067,0.0234,0.0139,0.0327,0.3085,1.0000,3.1674,18.9091,8,0.4886,2.7499,7.8868,59.5227,78,0.3239,1.3739,3.7572,17.4620,18,99.3786,0,nan,nan,4,0.0245,0.0327,0.0202,0.0547
dwb-only_run1,dwb-only,succeeded,23.7800,17.3545,17.1341,397,0.0223,0.0633,0.0217,0.0633,0.0230,0.0602,0.7379,1.2000,15.9687,40.0000,173,0.8416,2.7060,19.1099,71.0976,179,2.3964,17.2632,73.9478,690.5263,329,97.8821,0,nan,nan,4,0.0379,0.0633,1.0166,0.5684
switching-RPP-MPPI_run1,switching-RPP-MPPI,succeeded,25.3100,17.3545,16.9547,422,0.0177,0.0548,0.0087,0.0315,0.0225,0.0548,0.4452,1.0000,3.5896,32.0000,9,0.6014,2.7461,11.5084,76.1460,132,1.5617,24.6293,39.8914,513.2057,47,98.9857,4,0.5698,1.2576,4,0.0418,0.0548,0.5698,1.2576
switching-RPP-MPPI:0.5:0.5_run1,switching-RPP-MPPI:0.5:0.5,succeeded,26.6800,17.3545,16.9879,445,0.0099,0.0244,0.0060,0.0244,0.0120,0.0240,0.3585,1.1500,3.6346,34.0000,9,0.5424,2.7082,9.1476,61.1829,93,0.3990,2.0543,5.6965,76.1016,26,99.1679,4,0.9766,0.2482,4,0.0204,0.0244,0.9766,0.2482
rpp-only_run2,rpp-only,succeeded,22.6100,17.3545,16.9043,377,0.0365,0.1138,0.0112,0.0606,0.0503,0.1138,0.4439,1.0000,4.9786,40.0000,27,0.6195,3.2875,13.3152,105.1092,99,1.3237,14.0860,33.1769,404.4085,48,97.9571,0,nan,nan,4,0.0831,0.1138,0.3400,0.7756
mppi-only_run2,mppi-only,succeeded,30.0800,17.3545,17.0029,502,0.0114,0.0331,0.0066,0.0229,0.0142,0.0331,0.2958,1.0000,2.9534,15.3681,7,0.4944,2.8133,9.2747,52.1894,108,0.3055,1.5086,3.3787,13.9197,11,99.3929,0,nan,nan,4,0.0258,0.0331,0.0217,0.0521
dwb-only_run2,dwb-only,succeeded,23.7900,17.3545,17.1562,397,0.0317,0.0892,0.0387,0.0892,0.0217,0.0661,0.7288,1.1667,15.4448,43.3333,157,0.8154,2.4769,18.7817,57.6953,302,2.0837,10.9738,61.9252,314.6708,310,97.0250,0,nan,nan,4,0.0524,0.0892,0.8101,0.6011
switching-RPP-MPPI_run2,switching-RPP-MPPI,succeeded,25.3400,17.3545,16.9469,423,0.0178,0.0584,0.0085,0.0314,0.0227,0.0584,0.4510,1.0000,3.8068,40.0000,12,0.5617,2.7435,8.5688,70.8772,78,1.3518,17.1889,29.1606,347.3418,41,99.0107,4,0.5737,1.2744,4,0.0413,0.0584,0.5737,1.2744
switching-RPP-MPPI:0.5:0.5_run2,switching-RPP-MPPI:0.5:0.5,succeeded,26.7100,17.3545,16.9680,445,0.0103,0.0285,0.0070,0.0285,0.0121,0.0276,0.3591,1.2000,4.1404,40.0000,12,0.5567,2.9955,10.2570,43.8156,115,0.4345,4.2950,8.2560,128.1277,25,99.0714,4,0.9642,0.2063,4,0.0219,0.0285,0.9642,0.2063
rpp-only_run3,rpp-only,succeeded,22.5500,17.3545,16.9081,376,0.0353,0.1067,0.0108,0.0535,0.0486,0.1067,0.4435,1.2000,4.0744,32.0000,16,0.5553,2.9664,8.8457,58.4908,65,1.6930,14.3175,51.3358,571.2940,44,97.9786,0,nan,nan,4,0.0803,0.1067,0.3744,0.7385
mppi-only_run3,mppi-only,succeeded,30.1800,17.3545,16.9946,503,0.0115,0.0321,0.0071,0.0243,0.0141,0.0321,0.3319,1.2000,4.1251,20.2770,27,0.5107,2.6256,8.7282,61.2668,100,0.3414,1.5762,3.4702,16.4219,13,99.3643,0,nan,nan,4,0.0262,0.0321,0.0216,0.0541
dwb-only_run3,dwb-only,succeeded,23.9100,17.3545,17.1597,399,0.0255,0.0718,0.0278,0.0718,0.0228,0.0657,0.8138,1.2000,17.2092,43.3333,188,0.8382,2.2264,18.5870,53.4648,251,2.6025,19.9905,74.5705,445.6449,376,98.0821,0,nan,nan,4,0.0480,0.0718,0.6653,0.6158
switching-RPP-MPPI_run3,switching-RPP-MPPI,succeeded,25.3400,17.3545,16.9702,423,0.0179,0.0546,0.0101,0.0389,0.0223,0.0546,0.4579,1.1500,4.4007,40.0000,18,0.5896,2.7126,9.9279,59.4421,90,1.5778,24.9277,40.4712,512.9250,42,98.9429,4,0.5660,1.2740,4,0.0429,0.0546,0.5660,1.2740
switching-RPP-MPPI:0.5:0.5_run3,switching-RPP-MPPI:0.5:0.5,succeeded,26.8700,17.3545,16.9643,448,0.0106,0.0286,0.0068,0.0286,0.0126,0.0283,0.3484,1.1500,3.6790,29.3245,12,0.5296,2.7439,8.7364,60.5135,82,0.4017,3.4562,6.7803,101.9294,17,99.0893,4,0.9898,0.1902,4,0.0230,0.0286,0.9898,0.1902
rpp-only_run4,rpp-only,succeeded,22.6100,17.3545,16.9226,377,0.0345,0.1043,0.0107,0.0554,0.0476,0.1043,0.4393,1.2000,3.6661,32.0000,13,0.5399,2.8058,7.4633,48.7376,54,1.5709,14.5019,44.0041,505.1541,43,98.0714,0,nan,nan,4,0.0790,0.1043,0.3431,0.7456
mppi-only_run4,mppi-only,succeeded,30.1100,17.3545,16.9943,502,0.0113,0.0320,0.0068,0.0229,0.0139,0.0320,0.3123,1.0000,3.3124,16.3277,9,0.5060,2.7327,8.7981,61.3362,93,0.3241,1.5088,3.8127,16.3523,19,99.3143,0,nan,nan,4,0.0246,0.0320,0.0200,0.0490
dwb-only_run4,dwb-only,succeeded,24.0800,17.3545,17.1705,402,0.0247,0.0715,0.0243,0.0715,0.0252,0.0702,0.7342,1.2000,16.4188,44.0000,181,0.8388,2.7474,19.5204,59.2081,273,2.6136,13.8947,82.3420,555.7895,340,97.7536,0,nan,nan,4,0.0424,0.0715,0.5892,0.6511
switching-RPP-MPPI_run4,switching-RPP-MPPI,succeeded,25.3400,17.3545,16.9753,423,0.0165,0.0505,0.0084,0.0320,0.0209,0.0505,0.4455,1.0000,4.1194,40.0000,13,0.5706,2.5628,10.0407,53.0845,109,1.5534,23.6348,39.4668,486.4223,37,99.0214,4,0.5713,1.2438,4,0.0403,0.0505,0.5713,1.2438
switching-RPP-MPPI:0.5:0.5_run4,switching-RPP-MPPI:0.5:0.5,succeeded,26.8400,17.3545,17.0169,448,0.0102,0.0287,0.0069,0.0287,0.0120,0.0283,0.3564,1.0500,3.5817,30.6356,11,0.5518,2.4974,9.7239,47.6694,115,0.4364,4.0199,8.3135,127.7876,30,99.2964,4,0.9714,0.2433,4,0.0218,0.0287,0.9714,0.2433
rpp-only_run5,rpp-only,succeeded,22.5800,17.3545,16.9203,377,0.0366,0.1133,0.0117,0.0615,0.0505,0.1133,0.4461,1.0000,4.7398,40.0000,21,0.6272,3.4639,13.7706,135.3578,99,1.5757,15.4647,45.3383,517.1780,58,98.0250,0,nan,nan,4,0.0829,0.1133,0.3437,0.7613
mppi-only_run5,mppi-only,succeeded,30.0500,17.3545,16.9872,501,0.0112,0.0333,0.0067,0.0227,0.0139,0.0333,0.3133,1.0000,3.7741,17.2547,20,0.5094,2.6818,8.7441,58.1726,89,0.3163,1.4731,3.3910,14.5916,16,99.3750,0,nan,nan,4,0.0248,0.0333,0.0202,0.0492
dwb-only_run5,dwb-only,succeeded,23.4800,17.3545,17.1755,392,0.0285,0.0701,0.0326,0.0701,0.0234,0.0640,0.7278,1.1500,14.9863,36.0000,184,0.8879,2.6724,21.5656,73.9982,315,2.7307,20.6316,82.7596,665.2632,340,97.1679,0,nan,nan,4,0.0489,0.0701,0.8244,0.6413
switching-RPP-MPPI_run5,switching-RPP-MPPI,succeeded,25.3800,17.3545,16.9486,423,0.0175,0.0519,0.0098,0.0373,0.0218,0.0519,0.4551,1.2000,4.7344,40.0000,35,0.5800,2.9406,9.3542,51.9945,97,1.3739,16.8899,30.7327,328.3350,34,98.7964,4,0.5762,1.2318,4,0.0426,0.0519,0.5762,1.2318
switching-RPP-MPPI:0.5:0.5_run5,switching-RPP-MPPI:0.5:0.5,succeeded,26.7400,17.3545,16.9766,446,0.0100,0.0240,0.0061,0.0240,0.0121,0.0233,0.3613,1.0000,3.9708,40.0000,11,0.5413,2.7274,9.1725,55.7701,104,0.3955,2.5705,6.2832,76.3939,28,99.1000,4,0.9833,0.1927,4,0.0206,0.0240,0.9833,0.1927
rpp-only_run6,rpp-only,succeeded,22.6400,17.3545,16.9420,378,0.0367,0.1137,0.0121,0.0590,0.0505,0.1137,0.4387,1.0000,3.7179,32.0000,13,0.5707,3.0430,9.6389,75.9520,65,1.5638,15.4534,44.1354,614.8936,47,98.0714,0,nan,nan,4,0.0831,0.1137,0.3455,0.7722
mppi-only_run6,mppi-only,succeeded,30.0800,17.3545,16.9687,501,0.0115,0.0332,0.0067,0.0229,0.0143,0.0332,0.3131,1.2000,4.0323,20.7785,27,0.4786,2.7216,7.5735,59.8044,71,0.3175,1.3704,3.6284,17.1576,19,99.2143,0,nan,nan,4,0.0256,0.0332,0.0204,0.0611
dwb-only_run6,dwb-only,succeeded,23.3100,17.3545,17.1343,389,0.0231,0.0650,0.0221,0.0524,0.0242,0.0650,0.8326,1.0000,18.9261,40.0000,166,0.8436,2.7936,18.2224,55.9942,298,2.6664,21.4737,81.2228,547.3684,319,97.9036,0,nan,nan,4,0.0447,0.0650,0.6611,0.5946
switching-RPP-MPPI_run6,switching-RPP-MPPI,succeeded,25.2800,17.3545,16.9910,422,0.0170,0.0493,0.0086,0.0336,0.0215,0.0493,0.4661,1.2000,4.7952,40.6667,20,0.5883,2.5825,10.1581,60.6717,119,1.7134,24.7835,46.9186,516.5782,45,99.1143,4,0.5771,1.2438,4,0.0401,0.0493,0.5771,1.2438
switching-RPP-MPPI:0.5:0.5_run6,switching-RPP-MPPI:0.5:0.5,succeeded,26.7100,17.3545,16.9823,445,0.0100,0.0268,0.0065,0.0268,0.0119,0.0264,0.3636,1.0000,4.2431,40.0000,20,0.5360,2.8815,8.4480,71.7791,75,0.4366,3.8572,8.2068,111.7395,24,99.1250,4,0.9824,0.2287,4,0.0212,0.0268,0.9824,0.2287
