t,x,y,yaw,cte,s,segment,controller
0.022,-0.0230,-0.0000,0.0015,-0.0230,0.000,swath,RPP
0.082,-0.0214,-0.0000,0.0012,-0.0214,0.000,swath,RPP
0.142,-0.0158,-0.0000,0.0007,-0.0158,0.000,swath,RPP
0.202,-0.0052,-0.0000,0.0004,-0.0052,0.000,swath,RPP
0.262,0.0018,-0.0000,0.0002,-0.0000,0.002,swath,RPP
0.322,0.0194,0.0000,0.0001,0.0000,0.019,swath,RPP
0.382,0.0418,0.0000,0.0001,0.0000,0.042,swath,RPP
0.442,0.0683,0.0000,0.0000,0.0000,0.068,swath,RPP
0.502,0.0997,0.0000,-0.0000,0.0000,0.100,swath,RPP
0.562,0.1172,0.0000,-0.0000,0.0000,0.117,swath,RPP
0.622,0.1554,0.0000,-0.0000,0.0000,0.155,swath,RPP
0.682,0.1985,0.0000,-0.0000,0.0000,0.198,swath,RPP
0.742,0.2460,0.0000,-0.0001,0.0000,0.246,swath,RPP
0.802,0.2715,0.0000,-0.0001,0.0000,0.271,swath,RPP
0.862,0.3261,-0.0000,-0.0001,-0.0000,0.326,swath,RPP
0.922,0.3850,-0.0000,-0.0001,-0.0000,0.385,swath,RPP
0.982,0.4487,-0.0000,-0.0001,-0.0000,0.449,swath,RPP
1.042,0.4823,-0.0000,-0.0001,-0.0000,0.482,swath,RPP
1.102,0.5503,-0.0000,-0.0001,-0.0000,0.550,swath,RPP
1.162,0.6182,-0.0000,-0.0000,-0.0000,0.618,swath,RPP
1.222,0.6861,-0.0000,-0.0000,-0.0000,0.686,swath,RPP
1.282,0.7201,-0.0000,-0.0000,-0.0000,0.720,swath,RPP
1.342,0.7880,-0.0000,-0.0000,-0.0000,0.788,swath,RPP
1.402,0.8559,-0.0000,0.0000,-0.0000,0.856,swath,RPP
1.462,0.9239,-0.0000,0.0000,-0.0000,0.924,swath,RPP
1.522,0.9918,-0.0000,0.0000,-0.0000,0.992,swath,RPP
1.582,1.0257,-0.0000,0.0000,-0.0000,1.026,swath,RPP
1.642,1.0937,-0.0000,0.0000,-0.0000,1.094,swath,RPP
1.702,1.1616,-0.0000,0.0000,-0.0000,1.162,swath,RPP
1.762,1.2295,-0.0000,0.0000,-0.0000,1.230,swath,RPP
1.822,1.2635,-0.0000,0.0000,-0.0000,1.263,swath,RPP
1.882,1.3314,-0.0000,0.0000,-0.0000,1.331,swath,RPP
1.942,1.3993,-0.0000,0.0000,-0.0000,1.399,swath,RPP
2.002,1.4673,-0.0000,0.0000,-0.0000,1.467,swath,RPP
2.062,1.5012,-0.0000,0.0000,-0.0000,1.501,swath,RPP
2.122,1.5692,0.0000,0.0000,0.0000,1.569,swath,RPP
2.182,1.6371,0.0000,0.0000,0.0000,1.637,swath,RPP
2.242,1.7050,0.0000,0.0000,0.0000,1.705,swath,RPP
2.302,1.7390,0.0000,0.0000,0.0000,1.739,swath,RPP
2.362,1.8069,0.0000,0.0000,0.0000,1.807,swath,RPP
2.422,1.8748,0.0000,0.0000,0.0000,1.875,swath,RPP
2.482,1.9428,0.0000,0.0000,0.0000,1.943,swath,RPP
2.542,2.0107,0.0000,0.0000,0.0000,2.011,swath,RPP
2.602,2.0447,0.0000,0.0000,0.0000,2.045,swath,RPP
2.662,2.1126,0.0000,0.0000,0.0000,2.113,swath,RPP
2.722,2.1805,0.0000,0.0000,0.0000,2.181,swath,RPP
2.782,2.2484,0.0000,0.0000,0.0000,2.248,swath,RPP
2.842,2.2824,0.0000,0.0000,0.0000,2.282,swath,RPP
2.902,2.3503,0.0000,0.0000,0.0000,2.350,swath,RPP
2.962,2.4183,0.0000,0.0000,0.0000,2.418,swath,RPP
3.022,2.4862,0.0000,0.0000,0.0000,2.486,swath,RPP
3.082,2.5201,0.0000,0.0000,0.0000,2.520,swath,RPP
3.142,2.5881,0.0000,0.0000,0.0000,2.588,swath,RPP
3.202,2.6560,0.0000,-0.0000,0.0000,2.656,swath,RPP
3.262,2.7239,0.0000,-0.0000,0.0000,2.724,swath,RPP
3.322,2.7579,0.0000,-0.0000,0.0000,2.758,swath,RPP
3.382,2.8258,0.0000,-0.0000,0.0000,2.826,swath,RPP
3.442,2.8937,0.0000,-0.0000,0.0000,2.894,swath,RPP
3.502,2.9617,0.0000,-0.0000,0.0000,2.962,swath,RPP
3.562,3.0296,0.0000,-0.0000,0.0000,3.030,swath,RPP
3.622,3.0636,0.0000,-0.0000,0.0000,3.064,swath,RPP
3.682,3.1315,0.0000,-0.0000,0.0000,3.131,swath,RPP
3.742,3.1994,0.0000,-0.0000,0.0000,3.199,swath,RPP
3.802,3.2673,0.0000,-0.0000,0.0000,3.267,swath,RPP
3.862,3.3013,0.0000,-0.0000,0.0000,3.301,swath,RPP
3.922,3.3692,0.0000,-0.0000,0.0000,3.369,swath,RPP
3.982,3.4372,0.0000,-0.0000,0.0000,3.437,swath,RPP
4.042,3.5051,0.0000,-0.0000,0.0000,3.505,swath,RPP
4.102,3.5391,0.0000,-0.0000,0.0000,3.539,swath,RPP
4.162,3.6070,0.0000,-0.0000,0.0000,3.607,swath,RPP
4.222,3.6749,0.0000,-0.0000,0.0000,3.675,swath,RPP
4.282,3.7428,0.0000,-0.0000,0.0000,3.743,swath,RPP
4.342,3.7768,0.0000,-0.0000,0.0000,3.777,swath,RPP
4.402,3.8447,0.0000,-0.0000,0.0000,3.845,swath,RPP
4.462,3.9127,0.0000,-0.0000,0.0000,3.913,swath,RPP
4.522,3.9806,0.0000,-0.0000,0.0000,3.981,swath,RPP
4.582,4.0485,0.0000,-0.0000,0.0000,4.049,turn,RPP
4.642,4.0825,0.0000,-0.0000,0.0000,4.082,turn,RPP
4.702,4.1504,0.0000,-0.0000,0.0000,4.150,turn,RPP
4.762,4.2183,0.0000,-0.0000,0.0000,4.218,turn,RPP
4.822,4.2863,0.0000,-0.0000,0.0000,4.286,turn,RPP
4.882,4.3202,0.0000,-0.0000,0.0000,4.320,turn,RPP
4.942,4.3881,0.0000,0.0000,0.0000,4.388,turn,RPP
5.002,4.4561,0.0001,0.0027,0.0001,4.456,turn,RPP
5.062,4.5241,0.0004,0.0080,0.0004,4.524,turn,MPPI
5.122,4.5581,0.0007,0.0118,0.0007,4.558,turn,MPPI
5.182,4.6244,0.0018,0.0200,0.0018,4.624,turn,MPPI
5.242,4.6868,0.0032,0.0254,0.0032,4.687,turn,MPPI
5.302,4.7440,0.0048,0.0306,0.0048,4.744,turn,MPPI
5.362,4.7710,0.0056,0.0331,0.0056,4.771,turn,MPPI
5.422,4.8213,0.0074,0.0392,0.0074,4.821,turn,MPPI
5.482,4.8668,0.0093,0.0464,0.0093,4.867,turn,MPPI
5.542,4.9080,0.0114,0.0550,0.0114,4.908,turn,MPPI
5.602,4.9446,0.0136,0.0670,0.0136,4.945,turn,MPPI
5.662,4.9611,0.0147,0.0741,0.0147,4.961,turn,MPPI
5.722,4.9909,0.0172,0.0909,0.0172,4.991,turn,MPPI
5.782,5.0157,0.0196,0.1113,0.0186,5.017,turn,MPPI
5.842,5.0361,0.0221,0.1340,0.0197,5.037,turn,MPPI
5.902,5.0444,0.0233,0.1465,0.0203,5.046,turn,MPPI
5.962,5.0581,0.0254,0.1730,0.0200,5.062,turn,MPPI
6.022,5.0706,0.0278,0.2013,0.0199,5.075,turn,MPPI
6.082,5.0834,0.0305,0.2309,0.0201,5.088,turn,MPPI
6.142,5.0899,0.0321,0.2465,0.0203,5.095,turn,MPPI
6.202,5.1034,0.0357,0.2787,0.0196,5.111,turn,MPPI
6.262,5.1171,0.0398,0.3131,0.0192,5.126,turn,MPPI
6.322,5.1302,0.0443,0.3484,0.0191,5.140,turn,MPPI
6.382,5.1369,0.0467,0.3661,0.0192,5.149,turn,MPPI
6.442,5.1500,0.0520,0.4033,0.0181,5.163,turn,MPPI
6.502,5.1629,0.0577,0.4414,0.0176,5.177,turn,MPPI
6.562,5.1756,0.0639,0.4803,0.0176,5.192,turn,MPPI
6.622,5.1883,0.0708,0.5212,0.0167,5.208,turn,MPPI
6.682,5.1947,0.0745,0.5423,0.0162,5.216,turn,MPPI
6.742,5.2072,0.0824,0.5852,0.0158,5.230,turn,MPPI
6.802,5.2195,0.0909,0.6293,0.0159,5.247,turn,MPPI
6.862,5.2313,0.0998,0.6746,0.0148,5.262,turn,MPPI
6.922,5.2369,0.1044,0.6978,0.0145,5.270,turn,MPPI
6.982,5.2476,0.1138,0.7449,0.0145,5.284,turn,MPPI
7.042,5.2577,0.1235,0.7929,0.0146,5.300,turn,MPPI
7.102,5.2675,0.1339,0.8398,0.0141,5.314,turn,MPPI
7.162,5.2724,0.1394,0.8613,0.0141,5.321,turn,MPPI
7.222,5.2815,0.1505,0.8981,0.0145,5.336,turn,MPPI
7.282,5.2906,0.1624,0.9318,0.0144,5.353,turn,MPPI
7.342,5.2996,0.1747,0.9675,0.0138,5.368,turn,MPPI
7.402,5.3038,0.1809,0.9864,0.0138,5.375,turn,MPPI
7.462,5.3117,0.1933,1.0255,0.0141,5.390,turn,MPPI
7.522,5.3189,0.2058,1.0664,0.0133,5.406,turn,MPPI
7.582,5.3257,0.2187,1.1084,0.0129,5.421,turn,MPPI
7.642,5.3320,0.2320,1.1502,0.0132,5.436,turn,MPPI
7.702,5.3350,0.2388,1.1714,0.0132,5.445,turn,MPPI
7.762,5.3406,0.2529,1.2155,0.0124,5.460,turn,MPPI
7.822,5.3455,0.2671,1.2600,0.0123,5.475,turn,MPPI
7.882,5.3499,0.2818,1.3048,0.0128,5.492,turn,MPPI
7.942,5.3518,0.2891,1.3266,0.0124,5.499,turn,MPPI
8.002,5.3551,0.3036,1.3666,0.0119,5.514,turn,MPPI
8.062,5.3579,0.3180,1.4038,0.0121,5.529,turn,MPPI
8.122,5.3601,0.3324,1.4421,0.0121,5.545,turn,MPPI
8.182,5.3609,0.3396,1.4618,0.0117,5.552,turn,MPPI
8.242,5.3623,0.3541,1.5018,0.0114,5.567,turn,MPPI
8.302,5.3630,0.3682,1.5418,0.0115,5.581,turn,MPPI
8.362,5.3631,0.3825,1.5836,0.0113,5.597,turn,MPPI
8.422,5.3630,0.3897,1.6049,0.0110,5.604,turn,MPPI
8.482,5.3621,0.4042,1.6483,0.0109,5.619,turn,MPPI
8.542,5.3607,0.4187,1.6930,0.0114,5.633,turn,MPPI
8.602,5.3585,0.4337,1.7395,0.0112,5.650,turn,MPPI
8.662,5.3555,0.4486,1.7861,0.0111,5.665,turn,MPPI
8.722,5.3538,0.4564,1.8097,0.0113,5.673,turn,MPPI
8.782,5.3495,0.4723,1.8579,0.0120,5.691,turn,MPPI
8.842,5.3443,0.4886,1.9073,0.0117,5.708,turn,MPPI
8.902,5.3380,0.5053,1.9576,0.0123,5.726,turn,MPPI
8.962,5.3346,0.5135,1.9832,0.0129,5.735,turn,MPPI
9.022,5.3268,0.5301,2.0352,0.0125,5.755,turn,MPPI
9.082,5.3180,0.5469,2.0878,0.0129,5.774,turn,MPPI
9.142,5.3083,0.5633,2.1417,0.0133,5.795,turn,MPPI
9.202,5.3030,0.5714,2.1690,0.0131,5.804,turn,MPPI
9.262,5.2916,0.5875,2.2237,0.0137,5.824,turn,MPPI
9.322,5.2790,0.6032,2.2793,0.0140,5.846,turn,MPPI
9.382,5.2651,0.6187,2.3362,0.0143,5.867,turn,MPPI
9.442,5.2574,0.6264,2.3648,0.0149,5.878,turn,MPPI
9.502,5.2410,0.6416,2.4210,0.0148,5.902,turn,MPPI
9.562,5.2229,0.6567,2.4723,0.0154,5.926,turn,MPPI
9.622,5.2030,0.6718,2.5219,0.0146,5.953,turn,MPPI
9.682,5.1811,0.6867,2.5777,0.0144,5.979,turn,MPPI
9.742,5.1698,0.6937,2.6079,0.0133,5.994,turn,MPPI
9.802,5.1455,0.7072,2.6700,0.0119,6.022,turn,MPPI
9.862,5.1197,0.7195,2.7334,0.0095,6.052,turn,MPPI
9.922,5.0921,0.7305,2.7989,0.0075,6.083,turn,MPPI
9.982,5.0775,0.7356,2.8315,0.0055,6.098,turn,MPPI
10.042,5.0466,0.7445,2.8952,0.0024,6.130,turn,MPPI
10.102,5.0131,0.7520,2.9552,-0.0028,6.164,turn,MPPI
10.162,4.9768,0.7579,3.0080,-0.0079,6.200,turn,MPPI
10.222,4.9575,0.7604,3.0311,-0.0104,6.220,turn,MPPI
10.282,4.9175,0.7642,3.0704,-0.0142,6.260,turn,MPPI
10.342,4.8750,0.7666,3.1034,-0.0166,6.302,turn,MPPI
10.402,4.8299,0.7677,3.1325,-0.0177,6.347,turn,MPPI
10.462,4.8070,0.7678,-3.1369,-0.0178,6.370,turn,MPPI
10.522,4.7594,0.7671,-3.1136,-0.0171,6.418,turn,MPPI
10.582,4.7105,0.7652,-3.0933,-0.0152,6.467,turn,MPPI
10.642,4.6604,0.7625,-3.0769,-0.0125,6.517,turn,MPPI
10.702,4.6094,0.7589,-3.0646,-0.0089,6.568,turn,MPPI
10.762,4.5838,0.7568,-3.0597,-0.0068,6.594,turn,MPPI
10.822,4.5321,0.7524,-3.0539,-0.0024,6.645,turn,MPPI
10.882,4.4804,0.7478,-3.0519,0.0022,6.697,turn,MPPI
10.942,4.4286,0.7431,-3.0540,0.0069,6.749,turn,RPP
11.002,4.4022,0.7408,-3.0566,0.0092,6.775,turn,RPP
11.062,4.3462,0.7362,-3.0646,0.0138,6.831,turn,RPP
11.122,4.2853,0.7317,-3.0770,0.0183,6.892,turn,RPP
11.182,4.2202,0.7279,-3.0921,0.0221,6.957,turn,RPP
11.242,4.1864,0.7263,-3.0999,0.0237,6.991,turn,RPP
11.302,4.1186,0.7239,-3.1136,0.0261,7.059,turn,RPP
11.362,4.0507,0.7224,-3.1253,0.0276,7.127,turn,RPP
11.422,3.9829,0.7216,-3.1359,0.0284,7.194,swath,RPP
11.482,3.9489,0.7215,-3.1403,0.0285,7.228,swath,RPP
11.542,3.8811,0.7217,3.1347,0.0283,7.296,swath,RPP
11.602,3.8132,0.7224,3.1284,0.0276,7.364,swath,RPP
11.662,3.7453,0.7234,3.1232,0.0266,7.432,swath,RPP
11.722,3.6774,0.7248,3.1192,0.0252,7.500,swath,RPP
11.782,3.6435,0.7256,3.1175,0.0244,7.534,swath,RPP
11.842,3.5756,0.7273,3.1150,0.0227,7.602,swath,RPP
11.902,3.5077,0.7291,3.1136,0.0209,7.670,swath,RPP
11.962,3.4398,0.7311,3.1129,0.0189,7.737,swath,RPP
12.022,3.4059,0.7320,3.1130,0.0180,7.771,swath,RPP
12.082,3.3380,0.7340,3.1132,0.0160,7.839,swath,RPP
12.142,3.2701,0.7359,3.1139,0.0141,7.907,swath,RPP
12.202,3.2022,0.7377,3.1151,0.0123,7.975,swath,RPP
12.262,3.1682,0.7386,3.1158,0.0114,8.009,swath,RPP
12.322,3.1003,0.7403,3.1174,0.0097,8.077,swath,RPP
12.382,3.0323,0.7419,3.1192,0.0081,8.145,swath,RPP
12.442,2.9644,0.7434,3.1211,0.0066,8.213,swath,RPP
12.502,2.9304,0.7441,3.1221,0.0059,8.247,swath,RPP
12.562,2.8625,0.7453,3.1241,0.0047,8.315,swath,RPP
12.622,2.7946,0.7465,3.1261,0.0035,8.383,swath,RPP
12.682,2.7266,0.7475,3.1280,0.0025,8.451,swath,RPP
12.742,2.6587,0.7483,3.1298,0.0017,8.519,swath,RPP
12.802,2.6247,0.7487,3.1307,0.0013,8.553,swath,RPP
12.862,2.5568,0.7494,3.1324,0.0006,8.620,swath,RPP
12.922,2.4888,0.7500,3.1339,-0.0000,8.688,swath,RPP
12.982,2.4209,0.7505,3.1354,-0.0005,8.756,swath,RPP
13.042,2.3869,0.7507,3.1360,-0.0007,8.790,swath,RPP
13.102,2.3190,0.7510,3.1373,-0.0010,8.858,swath,RPP
13.162,2.2510,0.7513,3.1384,-0.0013,8.926,swath,RPP
13.222,2.1831,0.7515,3.1393,-0.0015,8.994,swath,RPP
13.282,2.1491,0.7515,3.1398,-0.0015,9.028,swath,RPP
13.342,2.0812,0.7516,3.1405,-0.0016,9.096,swath,RPP
13.402,2.0133,0.7517,3.1412,-0.0017,9.164,swath,RPP
13.462,1.9453,0.7517,-3.1414,-0.0017,9.232,swath,RPP
13.522,1.9114,0.7517,-3.1412,-0.0017,9.266,swath,RPP
13.582,1.8434,0.7516,-3.1408,-0.0016,9.334,swath,RPP
13.642,1.7755,0.7516,-3.1405,-0.0016,9.402,swath,RPP
13.702,1.7076,0.7515,-3.1403,-0.0015,9.470,swath,RPP
13.762,1.6397,0.7514,-3.1401,-0.0014,9.538,swath,RPP
13.822,1.6057,0.7513,-3.1400,-0.0013,9.572,swath,RPP
13.882,1.5378,0.7512,-3.1399,-0.0012,9.639,swath,RPP
13.942,1.4698,0.7511,-3.1399,-0.0011,9.707,swath,RPP
14.002,1.4019,0.7510,-3.1399,-0.0010,9.775,swath,RPP
14.062,1.3679,0.7509,-3.1399,-0.0009,9.809,swath,RPP
14.122,1.3000,0.7508,-3.1399,-0.0008,9.877,swath,RPP
14.182,1.2321,0.7507,-3.1400,-0.0007,9.945,swath,RPP
14.242,1.1642,0.7506,-3.1401,-0.0006,10.013,swath,RPP
14.302,1.1302,0.7506,-3.1402,-0.0006,10.047,swath,RPP
14.362,1.0623,0.7505,-3.1403,-0.0005,10.115,swath,RPP
14.422,0.9943,0.7504,-3.1404,-0.0004,10.183,turn,RPP
14.482,0.9264,0.7503,-3.1405,-0.0003,10.251,turn,RPP
14.542,0.8925,0.7503,-3.1405,-0.0003,10.285,turn,RPP
14.602,0.8245,0.7502,-3.1407,-0.0002,10.353,turn,RPP
14.662,0.7566,0.7501,-3.1408,-0.0001,10.421,turn,RPP
14.722,0.6887,0.7501,-3.1409,-0.0001,10.489,turn,RPP
14.782,0.6208,0.7500,-3.1411,-0.0000,10.556,turn,RPP
14.842,0.5868,0.7500,-3.1414,-0.0000,10.590,turn,RPP
14.902,0.5189,0.7501,3.1371,-0.0001,10.658,turn,MPPI
14.962,0.4510,0.7506,3.1296,-0.0006,10.726,turn,MPPI
15.022,0.3858,0.7516,3.1227,-0.0016,10.791,turn,MPPI
15.082,0.3548,0.7522,3.1207,-0.0022,10.822,turn,MPPI
15.142,0.2965,0.7535,3.1201,-0.0035,10.881,turn,MPPI
15.202,0.2431,0.7546,3.1233,-0.0046,10.934,turn,MPPI
15.262,0.1938,0.7554,3.1269,-0.0054,10.983,turn,MPPI
15.322,0.1714,0.7557,3.1282,-0.0057,11.006,turn,MPPI
15.382,0.1289,0.7563,3.1294,-0.0063,11.048,turn,MPPI
15.442,0.0915,0.7567,3.1284,-0.0067,11.086,turn,MPPI
15.502,0.0590,0.7572,3.1235,-0.0072,11.118,turn,MPPI
15.562,0.0440,0.7575,3.1203,-0.0075,11.133,turn,MPPI
15.622,0.0185,0.7581,3.1104,-0.0081,11.159,turn,MPPI
15.682,-0.0021,0.7589,3.0959,-0.0087,11.180,turn,MPPI
15.742,-0.0177,0.7598,3.0770,-0.0086,11.196,turn,MPPI
15.802,-0.0292,0.7606,3.0547,-0.0087,11.207,turn,MPPI
15.862,-0.0338,0.7610,3.0424,-0.0088,11.212,turn,MPPI
15.922,-0.0431,0.7621,3.0162,-0.0092,11.221,turn,MPPI
15.982,-0.0539,0.7636,2.9868,-0.0093,11.233,turn,MPPI
16.042,-0.0651,0.7656,2.9558,-0.0090,11.245,turn,MPPI
16.102,-0.0708,0.7667,2.9400,-0.0090,11.250,turn,MPPI
16.162,-0.0819,0.7692,2.9079,-0.0092,11.262,turn,MPPI
16.222,-0.0932,0.7721,2.8752,-0.0099,11.273,turn,MPPI
16.282,-0.1049,0.7755,2.8415,-0.0095,11.287,turn,MPPI
16.342,-0.1107,0.7774,2.8243,-0.0094,11.293,turn,MPPI
16.402,-0.1219,0.7813,2.7903,-0.0095,11.305,turn,MPPI
16.462,-0.1330,0.7855,2.7558,-0.0100,11.317,turn,MPPI
16.522,-0.1443,0.7904,2.7208,-0.0103,11.330,turn,MPPI
16.582,-0.1500,0.7930,2.7033,-0.0101,11.337,turn,MPPI
16.642,-0.1610,0.7984,2.6686,-0.0101,11.349,turn,MPPI
16.702,-0.1714,0.8040,2.6345,-0.0104,11.361,turn,MPPI
16.762,-0.1820,0.8101,2.5996,-0.0112,11.374,turn,MPPI
16.822,-0.1926,0.8167,2.5642,-0.0108,11.387,turn,MPPI
16.882,-0.1977,0.8201,2.5465,-0.0108,11.393,turn,MPPI
16.942,-0.2076,0.8270,2.5113,-0.0111,11.405,turn,MPPI
17.002,-0.2172,0.8343,2.4753,-0.0118,11.417,turn,MPPI
17.062,-0.2266,0.8420,2.4380,-0.0120,11.431,turn,MPPI
17.122,-0.2313,0.8460,2.4198,-0.0119,11.437,turn,MPPI
17.182,-0.2405,0.8544,2.3834,-0.0122,11.449,turn,MPPI
17.242,-0.2493,0.8630,2.3467,-0.0129,11.462,turn,MPPI
17.302,-0.2578,0.8720,2.3122,-0.0136,11.476,turn,MPPI
17.362,-0.2620,0.8767,2.2965,-0.0135,11.482,turn,MPPI
17.422,-0.2706,0.8866,2.2703,-0.0136,11.495,turn,MPPI
17.482,-0.2784,0.8961,2.2534,-0.0140,11.508,turn,MPPI
17.542,-0.2863,0.9060,2.2380,-0.0144,11.522,turn,MPPI
17.602,-0.2902,0.9110,2.2289,-0.0140,11.528,turn,MPPI
17.662,-0.2979,0.9211,2.2100,-0.0132,11.541,turn,MPPI
17.722,-0.3051,0.9309,2.1891,-0.0127,11.553,turn,MPPI
17.782,-0.3116,0.9404,2.1664,-0.0125,11.565,turn,MPPI
17.842,-0.3180,0.9500,2.1420,-0.0116,11.578,turn,MPPI
17.902,-0.3241,0.9596,2.1148,-0.0104,11.589,turn,MPPI
17.962,-0.3269,0.9643,2.1007,-0.0100,11.595,turn,MPPI
18.022,-0.3320,0.9735,2.0721,-0.0094,11.605,turn,MPPI
18.082,-0.3371,0.9830,2.0407,-0.0091,11.616,turn,MPPI
18.142,-0.3395,0.9878,2.0241,-0.0086,11.622,turn,MPPI
18.202,-0.3442,0.9979,1.9889,-0.0074,11.634,turn,MPPI
18.262,-0.3485,1.0079,1.9522,-0.0066,11.644,turn,MPPI
18.322,-0.3522,1.0177,1.9153,-0.0062,11.655,turn,MPPI
18.382,-0.3540,1.0228,1.8967,-0.0062,11.660,turn,MPPI
18.442,-0.3574,1.0335,1.8588,-0.0059,11.672,turn,MPPI
18.502,-0.3604,1.0444,1.8235,-0.0050,11.684,turn,MPPI
18.562,-0.3631,1.0553,1.7922,-0.0045,11.695,turn,MPPI
18.622,-0.3642,1.0606,1.7768,-0.0044,11.700,turn,MPPI
18.682,-0.3664,1.0714,1.7450,-0.0044,11.711,turn,MPPI
18.742,-0.3682,1.0826,1.7115,-0.0040,11.723,turn,MPPI
18.802,-0.3696,1.0939,1.6769,-0.0033,11.734,turn,MPPI
18.862,-0.3706,1.1046,1.6429,-0.0030,11.745,turn,MPPI
18.922,-0.3710,1.1096,1.6259,-0.0030,11.750,turn,MPPI
18.982,-0.3714,1.1203,1.5906,-0.0032,11.761,turn,MPPI
19.042,-0.3715,1.1315,1.5538,-0.0031,11.773,turn,MPPI
19.102,-0.3712,1.1431,1.5164,-0.0026,11.784,turn,MPPI
19.162,-0.3709,1.1485,1.4984,-0.0026,11.790,turn,MPPI
19.222,-0.3699,1.1592,1.4622,-0.0028,11.800,turn,MPPI
19.282,-0.3685,1.1705,1.4253,-0.0035,11.812,turn,MPPI
19.342,-0.3666,1.1822,1.3876,-0.0035,11.824,turn,MPPI
19.402,-0.3655,1.1882,1.3685,-0.0034,11.830,turn,MPPI
19.462,-0.3629,1.1999,1.3308,-0.0037,11.842,turn,MPPI
19.522,-0.3599,1.2112,1.2939,-0.0044,11.854,turn,MPPI
19.582,-0.3564,1.2229,1.2566,-0.0052,11.867,turn,MPPI
19.642,-0.3544,1.2288,1.2379,-0.0052,11.873,turn,MPPI
19.702,-0.3500,1.2410,1.2009,-0.0055,11.886,turn,MPPI
19.762,-0.3453,1.2523,1.1648,-0.0063,11.898,turn,MPPI
19.822,-0.3402,1.2638,1.1289,-0.0074,11.911,turn,MPPI
19.882,-0.3343,1.2758,1.0930,-0.0076,11.925,turn,MPPI
19.942,-0.3311,1.2818,1.0751,-0.0078,11.932,turn,MPPI
20.002,-0.3244,1.2938,1.0398,-0.0086,11.945,turn,MPPI
20.062,-0.3173,1.3056,1.0032,-0.0098,11.959,turn,MPPI
20.122,-0.3095,1.3174,0.9661,-0.0100,11.975,turn,MPPI
20.182,-0.3053,1.3232,0.9473,-0.0102,11.982,turn,MPPI
20.242,-0.2968,1.3347,0.9096,-0.0109,11.996,turn,MPPI
20.302,-0.2879,1.3457,0.8710,-0.0121,12.010,turn,MPPI
20.362,-0.2786,1.3566,0.8314,-0.0121,12.026,turn,MPPI
20.422,-0.2736,1.3619,0.8116,-0.0123,12.033,turn,MPPI
20.482,-0.2633,1.3724,0.7722,-0.0131,12.048,turn,MPPI
20.542,-0.2522,1.3828,0.7343,-0.0141,12.065,turn,MPPI
20.602,-0.2406,1.3930,0.7009,-0.0141,12.081,turn,MPPI
20.662,-0.2344,1.3981,0.6867,-0.0143,12.089,turn,MPPI
20.722,-0.2216,1.4084,0.6598,-0.0150,12.105,turn,MPPI
20.782,-0.2081,1.4186,0.6292,-0.0145,12.124,turn,MPPI
20.842,-0.1938,1.4287,0.5956,-0.0140,12.141,turn,MPPI
20.902,-0.1792,1.4382,0.5600,-0.0140,12.161,turn,MPPI
20.962,-0.1717,1.4429,0.5395,-0.0132,12.169,turn,MPPI
21.022,-0.1561,1.4519,0.4966,-0.0120,12.187,turn,MPPI
21.082,-0.1395,1.4605,0.4508,-0.0117,12.206,turn,MPPI
21.142,-0.1216,1.4687,0.4031,-0.0097,12.227,turn,MPPI
21.202,-0.1121,1.4726,0.3790,-0.0090,12.237,turn,MPPI
21.262,-0.0917,1.4802,0.3322,-0.0079,12.260,turn,MPPI
21.322,-0.0699,1.4872,0.2864,-0.0053,12.283,turn,MPPI
21.382,-0.0463,1.4938,0.2455,-0.0032,12.308,turn,MPPI
21.442,-0.0342,1.4967,0.2276,-0.0011,12.320,turn,MPPI
21.502,-0.0083,1.5023,0.1951,0.0028,12.346,turn,MPPI
21.562,0.0196,1.5074,0.1647,0.0074,12.374,turn,MPPI
21.622,0.0491,1.5120,0.1346,0.0120,12.404,turn,MPPI
21.682,0.0646,1.5140,0.1203,0.0140,12.419,turn,MPPI
21.742,0.0966,1.5175,0.0928,0.0175,12.451,turn,MPPI
21.802,0.1306,1.5203,0.0674,0.0203,12.485,turn,MPPI
21.862,0.1663,1.5224,0.0445,0.0224,12.521,turn,MPPI
21.922,0.2035,1.5237,0.0242,0.0237,12.558,turn,MPPI
21.982,0.2227,1.5242,0.0147,0.0242,12.577,turn,MPPI
22.042,0.2625,1.5244,-0.0013,0.0244,12.617,turn,MPPI
22.102,0.3039,1.5241,-0.0151,0.0241,12.658,turn,MPPI
22.162,0.3468,1.5233,-0.0255,0.0233,12.701,turn,MPPI
22.222,0.3687,1.5227,-0.0294,0.0227,12.723,turn,MPPI
22.282,0.4132,1.5212,-0.0351,0.0212,12.768,turn,MPPI
22.342,0.4584,1.5196,-0.0388,0.0196,12.813,turn,MPPI
22.402,0.5039,1.5177,-0.0416,0.0177,12.858,turn,RPP
22.462,0.5267,1.5168,-0.0422,0.0168,12.881,turn,RPP
22.522,0.5740,1.5148,-0.0414,0.0148,12.929,turn,RPP
22.582,0.6264,1.5127,-0.0378,0.0127,12.981,turn,RPP
22.642,0.6838,1.5106,-0.0342,0.0106,13.038,turn,RPP
22.702,0.7137,1.5096,-0.0325,0.0096,13.068,turn,RPP
22.762,0.7781,1.5076,-0.0292,0.0076,13.133,turn,RPP
22.822,0.8453,1.5057,-0.0259,0.0057,13.200,turn,RPP
22.882,0.9132,1.5041,-0.0228,0.0041,13.268,turn,RPP
22.942,0.9812,1.5026,-0.0198,0.0026,13.336,turn,RPP
23.002,1.0152,1.5020,-0.0183,0.0020,13.370,swath,RPP
23.062,1.0831,1.5008,-0.0155,0.0008,13.438,swath,RPP
23.122,1.1511,1.4998,-0.0128,-0.0002,13.506,swath,RPP
23.182,1.2190,1.4990,-0.0104,-0.0010,13.574,swath,RPP
23.242,1.2530,1.4987,-0.0093,-0.0013,13.607,swath,RPP
23.302,1.3209,1.4981,-0.0072,-0.0019,13.675,swath,RPP
23.362,1.3889,1.4977,-0.0054,-0.0023,13.743,swath,RPP
23.422,1.4568,1.4974,-0.0038,-0.0026,13.811,swath,RPP
23.482,1.4908,1.4973,-0.0030,-0.0027,13.845,swath,RPP
23.542,1.5587,1.4971,-0.0017,-0.0029,13.913,swath,RPP
23.602,1.6267,1.4970,-0.0006,-0.0030,13.981,swath,RPP
23.662,1.6946,1.4970,0.0003,-0.0030,14.049,swath,RPP
23.722,1.7286,1.4970,0.0008,-0.0030,14.083,swath,RPP
23.782,1.7965,1.4971,0.0015,-0.0029,14.151,swath,RPP
23.842,1.8644,1.4972,0.0020,-0.0028,14.219,swath,RPP
23.902,1.9324,1.4974,0.0024,-0.0026,14.287,swath,RPP
23.962,2.0003,1.4975,0.0027,-0.0025,14.355,swath,RPP
24.022,2.0343,1.4976,0.0028,-0.0024,14.389,swath,RPP
24.082,2.1022,1.4978,0.0030,-0.0022,14.457,swath,RPP
24.142,2.1701,1.4980,0.0030,-0.0020,14.525,swath,RPP
24.202,2.2380,1.4982,0.0030,-0.0018,14.593,swath,RPP
24.262,2.2720,1.4983,0.0030,-0.0017,14.627,swath,RPP
24.322,2.3399,1.4985,0.0029,-0.0015,14.694,swath,RPP
24.382,2.4079,1.4987,0.0028,-0.0013,14.762,swath,RPP
24.442,2.4758,1.4989,0.0026,-0.0011,14.830,swath,RPP
24.502,2.5097,1.4990,0.0025,-0.0010,14.864,swath,RPP
24.562,2.5777,1.4992,0.0024,-0.0008,14.932,swath,RPP
24.622,2.6456,1.4993,0.0022,-0.0007,15.000,swath,RPP
24.682,2.7135,1.4995,0.0020,-0.0005,15.068,swath,RPP
24.742,2.7475,1.4995,0.0018,-0.0005,15.102,swath,RPP
24.802,2.8154,1.4997,0.0016,-0.0003,15.170,swath,RPP
24.862,2.8833,1.4998,0.0014,-0.0002,15.238,swath,RPP
24.922,2.9513,1.4999,0.0013,-0.0001,15.306,swath,RPP
24.982,3.0192,1.4999,0.0011,-0.0001,15.374,swath,RPP
25.042,3.0531,1.5000,0.0010,-0.0000,15.408,swath,RPP
25.102,3.1211,1.5000,0.0008,0.0000,15.476,swath,RPP
25.162,3.1890,1.5001,0.0007,0.0001,15.544,swath,RPP
25.222,3.2569,1.5001,0.0005,0.0001,15.611,swath,RPP
25.282,3.2909,1.5001,0.0005,0.0001,15.645,swath,RPP
25.342,3.3588,1.5002,0.0003,0.0002,15.713,swath,RPP
25.402,3.4267,1.5002,0.0002,0.0002,15.781,swath,RPP
25.462,3.4947,1.5002,0.0001,0.0002,15.849,swath,RPP
25.522,3.5286,1.5002,0.0001,0.0002,15.883,swath,RPP
25.582,3.5965,1.5002,0.0000,0.0002,15.951,swath,RPP
25.642,3.6645,1.5002,-0.0000,0.0002,16.019,swath,RPP
25.702,3.7324,1.5002,-0.0001,0.0002,16.087,swath,RPP
25.762,3.7664,1.5002,-0.0001,0.0002,16.121,swath,RPP
25.822,3.8343,1.5002,-0.0001,0.0002,16.189,swath,RPP
25.882,3.9022,1.5002,-0.0002,0.0002,16.257,swath,RPP
25.942,3.9701,1.5002,-0.0002,0.0002,16.325,swath,RPP
26.002,4.0381,1.5002,-0.0002,0.0002,16.393,swath,RPP
26.062,4.0720,1.5002,-0.0002,0.0002,16.427,swath,RPP
26.122,4.1400,1.5002,-0.0002,0.0002,16.494,swath,RPP
26.182,4.2079,1.5001,-0.0002,0.0001,16.562,swath,RPP
26.242,4.2758,1.5001,-0.0002,0.0001,16.630,swath,RPP
26.302,4.3098,1.5001,-0.0002,0.0001,16.664,swath,RPP
26.362,4.3777,1.5001,-0.0002,0.0001,16.732,swath,RPP
26.422,4.4455,1.5001,0.0001,0.0001,16.800,swath,RPP
26.482,4.5106,1.5002,0.0009,0.0002,16.865,swath,RPP
26.542,4.5419,1.5002,0.0009,0.0002,16.896,swath,RPP
26.602,4.6000,1.5002,0.0006,0.0002,16.955,swath,RPP
26.662,4.6542,1.5003,0.0003,0.0003,17.009,swath,RPP
