t,x,y,yaw,cte,s,segment
0.022,-0.0264,-0.0000,0.0017,-0.0264,0.000,swath
0.082,-0.0250,-0.0000,0.0017,-0.0250,0.000,swath
0.142,-0.0198,-0.0000,0.0017,-0.0198,0.000,swath
0.202,-0.0096,0.0000,0.0017,0.0096,0.000,swath
0.262,0.0055,0.0000,0.0017,0.0000,0.005,swath
0.322,0.0143,0.0000,0.0017,0.0000,0.014,swath
0.382,0.0363,0.0001,0.0017,0.0001,0.036,swath
0.442,0.0623,0.0001,0.0017,0.0001,0.062,swath
0.502,0.0933,0.0002,0.0017,0.0002,0.093,swath
0.562,0.1105,0.0002,0.0017,0.0002,0.111,swath
0.622,0.1484,0.0003,0.0018,0.0003,0.148,swath
0.682,0.1912,0.0004,0.0018,0.0004,0.191,swath
0.742,0.2381,0.0004,0.0018,0.0004,0.238,swath
0.802,0.2899,0.0005,0.0018,0.0005,0.290,swath
0.862,0.3176,0.0006,0.0018,0.0006,0.318,swath
0.922,0.3762,0.0007,0.0018,0.0007,0.376,swath
0.982,0.4368,0.0008,0.0018,0.0008,0.437,swath
1.042,0.4959,0.0009,0.0018,0.0009,0.496,swath
1.102,0.5265,0.0010,0.0018,0.0010,0.526,swath
1.162,0.5897,0.0011,0.0018,0.0011,0.590,swath
1.222,0.6555,0.0012,0.0018,0.0012,0.655,swath
1.282,0.7185,0.0013,0.0018,0.0013,0.718,swath
1.342,0.7492,0.0014,0.0019,0.0014,0.749,swath
1.402,0.8098,0.0015,0.0019,0.0015,0.810,swath
1.462,0.8735,0.0016,0.0019,0.0016,0.873,swath
1.522,0.9385,0.0017,0.0019,0.0017,0.938,swath
1.582,1.0045,0.0019,0.0019,0.0019,1.004,swath
1.642,1.0362,0.0019,0.0019,0.0019,1.036,swath
1.702,1.0972,0.0020,0.0019,0.0020,1.097,swath
1.762,1.1594,0.0021,0.0019,0.0021,1.159,swath
1.822,1.2229,0.0023,0.0019,0.0023,1.223,swath
1.882,1.2558,0.0023,0.0019,0.0023,1.256,swath
1.942,1.3202,0.0024,0.0019,0.0024,1.320,swath
2.002,1.3854,0.0026,0.0019,0.0026,1.385,swath
2.062,1.4472,0.0027,0.0019,0.0027,1.447,swath
2.122,1.4780,0.0028,0.0019,0.0028,1.478,swath
2.182,1.5416,0.0029,0.0019,0.0029,1.542,swath
2.242,1.6068,0.0030,0.0020,0.0030,1.607,swath
2.302,1.6700,0.0031,0.0020,0.0031,1.670,swath
2.362,1.7017,0.0032,0.0020,0.0032,1.702,swath
2.422,1.7644,0.0033,0.0020,0.0033,1.764,swath
2.482,1.8273,0.0034,0.0020,0.0034,1.827,swath
2.542,1.8905,0.0036,0.0020,0.0036,1.890,swath
2.602,1.9220,0.0036,0.0020,0.0036,1.922,swath
2.662,1.9838,0.0038,0.0020,0.0038,1.984,swath
2.722,2.0470,0.0039,0.0020,0.0039,2.047,swath
2.782,2.1087,0.0040,0.0021,0.0040,2.109,swath
2.842,2.1735,0.0041,0.0021,0.0041,2.174,swath
2.902,2.2067,0.0042,0.0021,0.0042,2.207,swath
2.962,2.2704,0.0043,0.0021,0.0043,2.270,swath
3.022,2.3352,0.0045,0.0021,0.0045,2.335,swath
3.082,2.4001,0.0046,0.0021,0.0046,2.400,swath
3.142,2.4312,0.0047,0.0021,0.0047,2.431,swath
3.202,2.4961,0.0048,0.0022,0.0048,2.496,swath
3.262,2.5603,0.0050,0.0022,0.0050,2.560,swath
3.322,2.6215,0.0051,0.0022,0.0051,2.622,swath
3.382,2.6518,0.0052,0.0023,0.0052,2.652,swath
3.442,2.7141,0.0053,0.0023,0.0053,2.714,swath
3.502,2.7802,0.0055,0.0023,0.0055,2.780,swath
3.562,2.8466,0.0056,0.0024,0.0056,2.847,swath
3.622,2.9084,0.0058,0.0024,0.0058,2.908,swath
3.682,2.9398,0.0058,0.0024,0.0058,2.940,swath
3.742,3.0049,0.0060,0.0025,0.0060,3.005,swath
3.802,3.0714,0.0062,0.0025,0.0062,3.071,swath
3.862,3.1374,0.0063,0.0026,0.0063,3.137,swath
3.922,3.1691,0.0064,0.0026,0.0064,3.169,swath
3.982,3.2337,0.0066,0.0027,0.0066,3.234,swath
4.042,3.2961,0.0068,0.0027,0.0068,3.296,swath
4.102,3.3602,0.0069,0.0028,0.0069,3.360,swath
4.162,3.3917,0.0070,0.0028,0.0070,3.392,swath
4.222,3.4533,0.0072,0.0028,0.0072,3.453,swath
4.282,3.5139,0.0074,0.0028,0.0074,3.514,swath
4.342,3.5768,0.0076,0.0029,0.0076,3.577,swath
4.402,3.6086,0.0076,0.0029,0.0076,3.609,swath
4.462,3.6746,0.0078,0.0030,0.0078,3.675,swath
4.522,3.7403,0.0080,0.0030,0.0080,3.740,swath
4.582,3.8041,0.0082,0.0031,0.0082,3.804,swath
4.642,3.8369,0.0083,0.0031,0.0083,3.837,swath
4.702,3.9029,0.0085,0.0031,0.0085,3.903,swath
4.762,3.9708,0.0088,0.0032,0.0088,3.971,swath
4.822,4.0363,0.0090,0.0032,0.0090,4.036,turn
4.882,4.0987,0.0092,0.0033,0.0092,4.099,turn
4.942,4.1286,0.0093,0.0033,0.0093,4.129,turn
5.002,4.1912,0.0095,0.0033,0.0095,4.191,turn
5.062,4.2541,0.0097,0.0033,0.0097,4.254,turn
5.122,4.3191,0.0099,0.0034,0.0099,4.319,turn
5.182,4.3504,0.0100,0.0034,0.0100,4.350,turn
5.242,4.4116,0.0102,0.0035,0.0102,4.412,turn
5.302,4.4754,0.0104,0.0036,0.0104,4.475,turn
5.362,4.5409,0.0107,0.0036,0.0107,4.541,turn
5.422,4.5723,0.0108,0.0029,0.0108,4.572,turn
5.482,4.6336,0.0109,0.0019,0.0109,4.634,turn
5.542,4.6971,0.0110,0.0021,0.0110,4.697,turn
5.602,4.7563,0.0113,0.0064,0.0113,4.756,turn
5.662,4.8117,0.0118,0.0145,0.0118,4.812,turn
5.722,4.8371,0.0122,0.0204,0.0122,4.837,turn
5.782,4.8857,0.0135,0.0348,0.0135,4.886,turn
5.842,4.9291,0.0153,0.0536,0.0153,4.929,turn
5.902,4.9676,0.0178,0.0766,0.0178,4.968,turn
5.962,4.9854,0.0192,0.0892,0.0192,4.985,turn
6.022,5.0167,0.0224,0.1176,0.0213,5.018,turn
6.082,5.0443,0.0260,0.1482,0.0231,5.046,turn
6.142,5.0743,0.0309,0.1817,0.0223,5.079,turn
6.202,5.0902,0.0340,0.1998,0.0221,5.096,turn
6.262,5.1190,0.0403,0.2390,0.0190,5.128,turn
6.322,5.1428,0.0465,0.2820,0.0164,5.154,turn
6.382,5.1634,0.0529,0.3249,0.0130,5.176,turn
6.442,5.1729,0.0561,0.3473,0.0118,5.186,turn
6.502,5.1888,0.0623,0.3944,0.0093,5.204,turn
6.562,5.2005,0.0674,0.4422,0.0070,5.217,turn
6.622,5.2117,0.0729,0.4929,0.0054,5.229,turn
6.682,5.2260,0.0810,0.5483,0.0042,5.246,turn
6.742,5.2341,0.0861,0.5780,0.0026,5.255,turn
6.802,5.2479,0.0956,0.6403,0.0007,5.272,turn
6.862,5.2601,0.1053,0.7054,-0.0001,5.287,turn
6.922,5.2717,0.1158,0.7688,-0.0010,5.303,turn
6.982,5.2782,0.1221,0.7998,-0.0017,5.312,turn
7.042,5.2928,0.1380,0.8619,-0.0022,5.334,turn
7.102,5.3093,0.1587,0.9223,-0.0031,5.360,turn
7.162,5.3266,0.1829,0.9828,-0.0041,5.390,turn
7.222,5.3343,0.1944,1.0142,-0.0055,5.403,turn
7.282,5.3484,0.2188,1.0793,-0.0073,5.431,turn
7.342,5.3616,0.2451,1.1407,-0.0100,5.459,turn
7.402,5.3736,0.2731,1.2062,-0.0123,5.490,turn
7.462,5.3788,0.2872,1.2395,-0.0145,5.503,turn
7.522,5.3867,0.3126,1.3047,-0.0173,5.529,turn
7.582,5.3926,0.3365,1.3661,-0.0201,5.551,turn
7.642,5.3969,0.3595,1.4216,-0.0229,5.575,turn
7.702,5.3995,0.3794,1.4780,-0.0247,5.591,turn
7.762,5.4002,0.3889,1.5062,-0.0261,5.601,turn
7.822,5.4012,0.4105,1.5621,-0.0284,5.622,turn
7.882,5.4008,0.4354,1.6173,-0.0307,5.643,turn
7.942,5.3991,0.4593,1.6694,-0.0337,5.667,turn
8.002,5.3980,0.4700,1.6947,-0.0347,5.678,turn
8.062,5.3951,0.4896,1.7480,-0.0368,5.693,turn
8.122,5.3914,0.5084,1.8023,-0.0393,5.712,turn
8.182,5.3856,0.5307,1.8575,-0.0410,5.735,turn
8.242,5.3820,0.5424,1.8843,-0.0425,5.741,turn
8.302,5.3748,0.5631,1.9414,-0.0451,5.763,turn
8.362,5.3671,0.5815,2.0012,-0.0464,5.783,turn
8.422,5.3593,0.5975,2.0630,-0.0482,5.795,turn
8.482,5.3554,0.6045,2.0941,-0.0488,5.803,turn
8.542,5.3473,0.6177,2.1539,-0.0494,5.818,turn
8.602,5.3369,0.6328,2.2166,-0.0492,5.834,turn
8.662,5.3230,0.6503,2.2812,-0.0501,5.852,turn
8.722,5.3076,0.6671,2.3425,-0.0497,5.875,turn
8.782,5.2990,0.6757,2.3737,-0.0491,5.883,turn
8.842,5.2795,0.6934,2.4361,-0.0495,5.907,turn
8.902,5.2592,0.7101,2.4973,-0.0487,5.932,turn
8.962,5.2374,0.7254,2.5630,-0.0490,5.954,turn
9.022,5.2257,0.7328,2.5966,-0.0487,5.968,turn
9.082,5.2026,0.7459,2.6622,-0.0481,5.988,turn
9.142,5.1820,0.7559,2.7235,-0.0479,6.011,turn
9.202,5.1571,0.7661,2.7853,-0.0466,6.032,turn
9.262,5.1434,0.7711,2.8178,-0.0470,6.046,turn
9.322,5.1118,0.7808,2.8818,-0.0460,6.079,turn
9.382,5.0759,0.7892,2.9426,-0.0469,6.110,turn
9.442,5.0346,0.7966,2.9950,-0.0488,6.146,turn
9.502,5.0126,0.7997,3.0176,-0.0504,6.168,turn
9.562,4.9646,0.8048,3.0582,-0.0548,6.213,turn
9.622,4.9114,0.8084,3.0937,-0.0584,6.266,turn
9.682,4.8536,0.8103,3.1252,-0.0603,6.324,turn
9.742,4.7911,0.8105,-3.1300,-0.0605,6.386,turn
9.802,4.7589,0.8100,-3.1176,-0.0600,6.418,turn
9.862,4.6961,0.8079,-3.0955,-0.0579,6.481,turn
9.922,4.6355,0.8046,-3.0771,-0.0546,6.542,turn
9.982,4.5749,0.8003,-3.0630,-0.0503,6.602,turn
10.042,4.5436,0.7978,-3.0572,-0.0478,6.634,turn
10.102,4.4802,0.7921,-3.0495,-0.0421,6.697,turn
10.162,4.4162,0.7861,-3.0455,-0.0361,6.761,turn
10.222,4.3552,0.7801,-3.0459,-0.0301,6.822,turn
10.282,4.3240,0.7771,-3.0478,-0.0271,6.853,turn
10.342,4.2592,0.7712,-3.0547,-0.0212,6.918,turn
10.402,4.1948,0.7658,-3.0659,-0.0158,6.982,turn
10.462,4.1335,0.7615,-3.0793,-0.0115,7.044,turn
10.522,4.1042,0.7598,-3.0862,-0.0098,7.073,turn
10.582,4.0467,0.7569,-3.1005,-0.0069,7.131,turn
10.642,3.9864,0.7548,-3.1121,-0.0048,7.191,swath
10.702,3.9226,0.7532,-3.1221,-0.0032,7.255,swath
10.762,3.8571,0.7522,-3.1314,-0.0022,7.320,swath
10.822,3.8260,0.7519,-3.1347,-0.0019,7.351,swath
10.882,3.7652,0.7517,3.1407,-0.0017,7.412,swath
10.942,3.7007,0.7519,3.1353,-0.0019,7.477,swath
11.002,3.6370,0.7524,3.1306,-0.0024,7.540,swath
11.062,3.6045,0.7528,3.1279,-0.0028,7.573,swath
11.122,3.5403,0.7539,3.1220,-0.0039,7.637,swath
11.182,3.4802,0.7551,3.1191,-0.0051,7.697,swath
11.242,3.4200,0.7566,3.1169,-0.0066,7.757,swath
11.302,3.3896,0.7573,3.1158,-0.0073,7.788,swath
11.362,3.3267,0.7590,3.1135,-0.0090,7.851,swath
11.422,3.2624,0.7609,3.1112,-0.0109,7.915,swath
11.482,3.2002,0.7628,3.1087,-0.0128,7.977,swath
11.542,3.1688,0.7639,3.1077,-0.0139,8.008,swath
11.602,3.1066,0.7660,3.1073,-0.0160,8.071,swath
11.662,3.0449,0.7681,3.1069,-0.0181,8.132,swath
11.722,2.9819,0.7703,3.1068,-0.0203,8.195,swath
11.782,2.9182,0.7725,3.1064,-0.0225,8.259,swath
11.842,2.8862,0.7737,3.1062,-0.0237,8.291,swath
11.902,2.8247,0.7759,3.1067,-0.0259,8.353,swath
11.962,2.7625,0.7780,3.1088,-0.0280,8.415,swath
12.022,2.6975,0.7801,3.1105,-0.0301,8.480,swath
12.082,2.6647,0.7811,3.1115,-0.0311,8.513,swath
12.142,2.6027,0.7829,3.1130,-0.0329,8.575,swath
12.202,2.5410,0.7846,3.1148,-0.0346,8.636,swath
12.262,2.4759,0.7863,3.1165,-0.0363,8.701,swath
12.322,2.4446,0.7871,3.1173,-0.0371,8.733,swath
12.382,2.3797,0.7886,3.1193,-0.0386,8.798,swath
12.442,2.3163,0.7900,3.1193,-0.0400,8.861,swath
12.502,2.2543,0.7914,3.1192,-0.0414,8.923,swath
12.562,2.2241,0.7921,3.1200,-0.0421,8.953,swath
12.622,2.1624,0.7934,3.1219,-0.0434,9.015,swath
12.682,2.0992,0.7945,3.1239,-0.0445,9.078,swath
12.742,2.0336,0.7957,3.1238,-0.0457,9.144,swath
12.802,2.0011,0.7963,3.1237,-0.0463,9.176,swath
12.862,1.9385,0.7974,3.1247,-0.0474,9.239,swath
12.922,1.8740,0.7984,3.1267,-0.0484,9.303,swath
12.982,1.8089,0.7994,3.1266,-0.0494,9.368,swath
13.042,1.7476,0.8003,3.1265,-0.0503,9.430,swath
13.102,1.7178,0.8008,3.1265,-0.0508,9.459,swath
13.162,1.6589,0.8016,3.1276,-0.0516,9.518,swath
13.222,1.5986,0.8024,3.1294,-0.0524,9.579,swath
13.282,1.5354,0.8032,3.1294,-0.0532,9.642,swath
13.342,1.5026,0.8036,3.1294,-0.0536,9.675,swath
13.402,1.4380,0.8044,3.1293,-0.0544,9.739,swath
13.462,1.3771,0.8051,3.1293,-0.0551,9.800,swath
13.522,1.3145,0.8059,3.1308,-0.0559,9.863,swath
13.582,1.2818,0.8062,3.1318,-0.0562,9.895,swath
13.642,1.2186,0.8068,3.1323,-0.0568,9.959,swath
13.702,1.1541,0.8074,3.1323,-0.0574,10.023,swath
13.762,1.0909,0.8080,3.1323,-0.0580,10.086,swath
13.822,1.0307,0.8086,3.1322,-0.0586,10.147,swath
13.882,1.0007,0.8088,3.1322,-0.0588,10.177,swath
13.942,0.9383,0.8094,3.1322,-0.0594,10.239,turn
14.002,0.8742,0.8100,3.1322,-0.0600,10.303,turn
14.062,0.8086,0.8106,3.1322,-0.0606,10.369,turn
14.122,0.7775,0.8109,3.1321,-0.0609,10.400,turn
14.182,0.7146,0.8115,3.1339,-0.0615,10.463,turn
14.242,0.6492,0.8119,3.1351,-0.0619,10.528,turn
14.302,0.5854,0.8124,3.1351,-0.0624,10.592,turn
14.362,0.5530,0.8126,3.1351,-0.0626,10.624,turn
14.422,0.4887,0.8130,3.1351,-0.0630,10.689,turn
14.482,0.4236,0.8134,3.1351,-0.0634,10.754,turn
14.542,0.3600,0.8138,3.1337,-0.0638,10.817,turn
14.602,0.3273,0.8141,3.1317,-0.0641,10.850,turn
14.662,0.2636,0.8149,3.1241,-0.0649,10.914,turn
14.722,0.2037,0.8162,3.1132,-0.0662,10.974,turn
14.782,0.1468,0.8182,3.0972,-0.0682,11.031,turn
14.842,0.1197,0.8195,3.0877,-0.0695,11.058,turn
14.902,0.0692,0.8227,3.0657,-0.0727,11.108,turn
14.962,0.0237,0.8267,3.0396,-0.0767,11.154,turn
15.022,-0.0174,0.8314,3.0095,-0.0801,11.200,turn
15.082,-0.0536,0.8368,2.9751,-0.0811,11.247,turn
15.142,-0.0701,0.8397,2.9561,-0.0807,11.264,turn
15.202,-0.1012,0.8462,2.9152,-0.0776,11.306,turn
15.262,-0.1273,0.8528,2.8691,-0.0737,11.343,turn
15.322,-0.1490,0.8594,2.8186,-0.0701,11.365,turn
15.382,-0.1580,0.8625,2.7910,-0.0682,11.384,turn
15.442,-0.1738,0.8687,2.7326,-0.0646,11.400,turn
15.502,-0.1911,0.8767,2.6707,-0.0615,11.427,turn
15.562,-0.2100,0.8870,2.6061,-0.0568,11.448,turn
15.622,-0.2195,0.8928,2.5734,-0.0549,11.459,turn
15.682,-0.2364,0.9045,2.5071,-0.0510,11.486,turn
15.742,-0.2506,0.9155,2.4401,-0.0477,11.504,turn
15.802,-0.2663,0.9296,2.3751,-0.0442,11.531,turn
15.862,-0.2844,0.9481,2.3090,-0.0395,11.556,turn
15.922,-0.2942,0.9592,2.2758,-0.0370,11.576,turn
15.982,-0.3131,0.9828,2.2101,-0.0305,11.605,turn
16.042,-0.3301,1.0067,2.1443,-0.0236,11.637,turn
16.102,-0.3433,1.0283,2.0749,-0.0180,11.662,turn
16.162,-0.3496,1.0398,2.0390,-0.0147,11.677,turn
16.222,-0.3608,1.0636,1.9660,-0.0083,11.702,turn
16.282,-0.3691,1.0850,1.8925,-0.0033,11.726,turn
16.342,-0.3750,1.1044,1.8186,0.0013,11.745,turn
16.402,-0.3773,1.1139,1.7819,0.0030,11.755,turn
16.462,-0.3805,1.1317,1.7087,0.0060,11.772,turn
16.522,-0.3823,1.1480,1.6408,0.0088,11.788,turn
16.582,-0.3830,1.1654,1.5811,0.0107,11.806,turn
16.642,-0.3831,1.1751,1.5523,0.0113,11.815,turn
16.702,-0.3823,1.1920,1.4947,0.0138,11.831,turn
16.762,-0.3803,1.2113,1.4364,0.0157,11.850,turn
16.822,-0.3768,1.2340,1.3775,0.0176,11.871,turn
16.882,-0.3714,1.2582,1.3179,0.0203,11.895,turn
16.942,-0.3680,1.2707,1.2878,0.0211,11.908,turn
17.002,-0.3591,1.2985,1.2269,0.0246,11.934,turn
17.062,-0.3483,1.3261,1.1646,0.0272,11.962,turn
17.122,-0.3372,1.3500,1.1007,0.0311,11.986,turn
17.182,-0.3316,1.3604,1.0681,0.0323,11.998,turn
17.242,-0.3209,1.3783,1.0021,0.0341,12.014,turn
17.302,-0.3103,1.3938,0.9342,0.0364,12.033,turn
17.362,-0.2976,1.4101,0.8666,0.0376,12.054,turn
17.422,-0.2908,1.4179,0.8324,0.0378,12.060,turn
17.482,-0.2775,1.4317,0.7650,0.0394,12.078,turn
17.542,-0.2629,1.4450,0.6995,0.0397,12.098,turn
17.602,-0.2460,1.4585,0.6348,0.0398,12.115,turn
17.662,-0.2376,1.4647,0.6022,0.0402,12.125,turn
17.722,-0.2213,1.4755,0.5343,0.0401,12.145,turn
17.782,-0.2068,1.4837,0.4637,0.0390,12.158,turn
17.842,-0.1932,1.4901,0.3921,0.0387,12.171,turn
17.902,-0.1854,1.4933,0.3556,0.0382,12.179,turn
17.962,-0.1658,1.5000,0.2842,0.0355,12.200,turn
18.022,-0.1412,1.5065,0.2140,0.0325,12.221,turn
18.082,-0.1116,1.5122,0.1506,0.0283,12.251,turn
18.142,-0.0771,1.5166,0.0971,0.0249,12.282,turn
18.202,-0.0587,1.5182,0.0740,0.0229,12.300,turn
18.262,-0.0174,1.5205,0.0321,0.0216,12.338,turn
18.322,0.0288,1.5213,-0.0043,0.0213,12.383,turn
18.382,0.0799,1.5203,-0.0366,0.0203,12.434,turn
18.442,0.1072,1.5192,-0.0515,0.0192,12.462,turn
18.502,0.1647,1.5155,-0.0783,0.0155,12.519,turn
18.562,0.2220,1.5104,-0.1012,0.0104,12.577,turn
18.622,0.2757,1.5045,-0.1208,0.0045,12.630,turn
18.682,0.3007,1.5013,-0.1290,0.0013,12.655,turn
18.742,0.3474,1.4949,-0.1428,-0.0051,12.702,turn
18.802,0.3897,1.4886,-0.1522,-0.0114,12.744,turn
18.862,0.4272,1.4827,-0.1573,-0.0173,12.782,turn
18.922,0.4608,1.4774,-0.1580,-0.0226,12.815,turn
18.982,0.4769,1.4748,-0.1567,-0.0252,12.831,turn
19.042,0.5053,1.4704,-0.1511,-0.0296,12.860,turn
19.102,0.5323,1.4664,-0.1415,-0.0336,12.887,turn
19.162,0.5638,1.4621,-0.1281,-0.0379,12.918,turn
19.222,0.5813,1.4599,-0.1198,-0.0401,12.936,turn
19.282,0.6195,1.4556,-0.1008,-0.0444,12.974,turn
19.342,0.6629,1.4516,-0.0809,-0.0484,13.017,turn
19.402,0.7114,1.4481,-0.0640,-0.0519,13.066,turn
19.462,0.7373,1.4465,-0.0568,-0.0535,13.092,turn
19.522,0.7930,1.4436,-0.0435,-0.0564,13.148,turn
19.582,0.8534,1.4413,-0.0330,-0.0587,13.208,turn
19.642,0.9173,1.4395,-0.0239,-0.0605,13.272,turn
19.702,0.9501,1.4387,-0.0200,-0.0613,13.305,turn
19.762,1.0140,1.4377,-0.0117,-0.0623,13.369,swath
19.822,1.0753,1.4372,-0.0057,-0.0628,13.430,swath
19.882,1.1370,1.4370,-0.0012,-0.0630,13.491,swath
19.942,1.2014,1.4370,0.0017,-0.0630,13.556,swath
20.002,1.2353,1.4371,0.0017,-0.0629,13.590,swath
20.062,1.3011,1.4372,0.0016,-0.0628,13.656,swath
20.122,1.3628,1.4373,0.0015,-0.0627,13.717,swath
20.182,1.4244,1.4374,0.0014,-0.0626,13.779,swath
20.242,1.4546,1.4374,0.0014,-0.0626,13.809,swath
20.302,1.5163,1.4375,0.0002,-0.0625,13.871,swath
20.362,1.5796,1.4374,-0.0018,-0.0626,13.934,swath
20.422,1.6443,1.4373,-0.0019,-0.0627,13.999,swath
20.482,1.6752,1.4372,-0.0020,-0.0628,14.030,swath
20.542,1.7367,1.4371,-0.0021,-0.0629,14.091,swath
20.602,1.8012,1.4370,-0.0036,-0.0630,14.156,swath
20.662,1.8661,1.4367,-0.0054,-0.0633,14.221,swath
20.722,1.8972,1.4365,-0.0055,-0.0635,14.252,swath
20.782,1.9573,1.4362,-0.0057,-0.0638,14.312,swath
20.842,2.0165,1.4358,-0.0059,-0.0642,14.371,swath
20.902,2.0788,1.4354,-0.0060,-0.0646,14.433,swath
20.962,2.1423,1.4351,-0.0062,-0.0649,14.497,swath
21.022,2.1750,1.4349,-0.0062,-0.0651,14.530,swath
21.082,2.2396,1.4344,-0.0082,-0.0656,14.594,swath
21.142,2.3011,1.4339,-0.0094,-0.0661,14.656,swath
21.202,2.3637,1.4333,-0.0095,-0.0667,14.718,swath
21.262,2.3963,1.4330,-0.0095,-0.0670,14.751,swath
21.322,2.4640,1.4323,-0.0096,-0.0677,14.818,swath
21.382,2.5274,1.4317,-0.0097,-0.0683,14.882,swath
21.442,2.5896,1.4311,-0.0098,-0.0689,14.944,swath
21.502,2.6197,1.4308,-0.0099,-0.0692,14.974,swath
21.562,2.6811,1.4302,-0.0100,-0.0698,15.036,swath
21.622,2.7439,1.4296,-0.0100,-0.0704,15.098,swath
21.682,2.8053,1.4289,-0.0101,-0.0711,15.160,swath
21.742,2.8352,1.4286,-0.0101,-0.0714,15.190,swath
21.802,2.8965,1.4280,-0.0102,-0.0720,15.251,swath
21.862,2.9595,1.4274,-0.0103,-0.0726,15.314,swath
21.922,3.0249,1.4267,-0.0104,-0.0733,15.379,swath
21.982,3.0918,1.4260,-0.0104,-0.0740,15.446,swath
22.042,3.1251,1.4256,-0.0108,-0.0744,15.480,swath
22.102,3.1890,1.4249,-0.0129,-0.0751,15.544,swath
22.162,3.2520,1.4241,-0.0136,-0.0759,15.606,swath
22.222,3.3136,1.4232,-0.0136,-0.0768,15.668,swath
22.282,3.3454,1.4228,-0.0137,-0.0772,15.700,swath
22.342,3.4084,1.4219,-0.0138,-0.0781,15.763,swath
22.402,3.4697,1.4211,-0.0139,-0.0789,15.824,swath
22.462,3.5307,1.4202,-0.0139,-0.0798,15.885,swath
22.522,3.5621,1.4198,-0.0140,-0.0802,15.917,swath
22.582,3.6257,1.4189,-0.0141,-0.0811,15.980,swath
22.642,3.6913,1.4180,-0.0141,-0.0820,16.046,swath
22.702,3.7542,1.4171,-0.0142,-0.0829,16.109,swath
22.762,3.7856,1.4166,-0.0143,-0.0834,16.140,swath
22.822,3.8505,1.4157,-0.0144,-0.0843,16.205,swath
22.882,3.9149,1.4148,-0.0145,-0.0852,16.269,swath
22.942,3.9786,1.4138,-0.0147,-0.0862,16.333,swath
23.002,4.0441,1.4129,-0.0147,-0.0871,16.399,swath
23.062,4.0751,1.4124,-0.0148,-0.0876,16.430,swath
23.122,4.1362,1.4115,-0.0150,-0.0885,16.491,swath
23.182,4.1975,1.4106,-0.0152,-0.0894,16.552,swath
23.242,4.2618,1.4096,-0.0153,-0.0904,16.616,swath
23.302,4.2956,1.4091,-0.0154,-0.0909,16.650,swath
23.362,4.3616,1.4081,-0.0156,-0.0919,16.716,swath
23.422,4.4232,1.4071,-0.0157,-0.0929,16.778,swath
23.482,4.4873,1.4061,-0.0160,-0.0939,16.842,swath
23.542,4.5196,1.4056,-0.0160,-0.0944,16.874,swath
23.602,4.5797,1.4046,-0.0173,-0.0954,16.934,swath
23.662,4.6359,1.4035,-0.0215,-0.0965,16.990,swath
23.722,4.6872,1.4023,-0.0270,-0.0977,17.042,swath
